0,1,2,3,4,5,6,7,8,9
-1.4479872302630394,-1.3666510291398104,-1.1501241067348114,2.8148331109586997,-0.13333285722157567,-1.2340441019148487,-1.2438927323985103,-0.9771940171306415,4.700668803665304,0.9195917239318747
1.9775079895463565,2.089618672890243,1.8660467150319713,2.007548469101445,2.596960172223872,2.155896914178771,2.062335332407022,2.1242913791087314,1.9468902989968915,2.6752184024554273
-1.407089186016911,-1.3497630470419395,-1.1205454395529402,-0.36308117437424353,-0.6995107693267014,-1.296168860914732,-1.2412120069405597,-1.002859542713079,-0.6356166157470231,-0.9704858095037588
-0.9876002182979425,-0.9868773829389151,-0.8756682045184092,-0.8161900814446682,-0.8452467694813238,-0.8323039937156048,-0.8721654688960503,-0.7469074519731523,-0.7661092556894985,-0.8107588029321018
-1.1239270324517037,-1.129395475764848,-0.975496206257225,-0.9787769572152973,-0.9290772120481419,-1.0870155056151256,-1.1140264768800228,-0.9000216491122156,-1.2018203424386018,-1.3523688719267482
0.11721500473982761,0.1961051679168009,0.011122990415002067,0.9428869196536196,0.6376492745698691,0.24659598758236476,0.5015573991114373,0.11007499470070946,2.0649093777683944,0.8617306538677855
0.08029315923985099,0.16727202774970465,-0.011061009971401296,0.5951142201287992,0.4410991292285907,-0.10337348811697683,-0.1656453815340032,-0.19914185118633126,-0.24078042945048925,-0.19042722545552304
-0.7660691452980813,-0.7788668717334359,-0.7254995865181394,-0.6750722062584236,-0.5202425921453517,-0.8178082166156321,-0.8140830839737908,-0.7358326018930593,-0.6346571110415637,-0.4544564241163937
-0.533177504452073,-0.5642659284897634,-0.5534313783928303,-0.6271122166488634,-0.6605618560110412,-0.5548134035161271,-0.6154115417012426,-0.5561739228159953,-0.37367183115661307,-0.4948069071874034
1.6366909541619545,1.587098229977996,1.5901687615087483,0.6566335785284968,1.1708108892948328,1.545003450679921,1.5857619176602786,1.345536048079971,0.7019329436633489,0.7109873397534475
-0.5019359428751696,-0.502068726129313,-0.5369355832337097,-0.3596913321767092,-0.29583494588956166,-0.5051135963162207,-0.47065236697191926,-0.5377158393491737,-0.13811342596633586,0.0897421664337516
1.9803481315078937,1.9001437517921826,2.0736662058277986,0.8587686132703599,1.7173853748304873,1.9488143841791608,1.8151128735071487,2.006511227463298,0.8045999471475025,1.7266013853520683
0.21093968947053826,0.2747784503727345,0.07852822235830512,1.0069172722737132,1.039777459067314,0.5261574030818381,0.5909149143764517,0.37692614424961646,0.9509244147300574,1.3413684715043155
-1.266786173116999,-1.2554374884952966,-1.0403417458482505,-0.7447522958744074,-0.871298691632858,-1.0621656020151722,-1.083644921689918,-0.8708402981075262,-0.6931868980745857,-0.7461980300184862
-0.20656117887535416,-0.26728458476867284,-0.29148952767645064,-0.841048924226587,-0.8818742243874412,-0.3187393193165713,-0.40214493860207456,-0.38161319060119653,-0.6514484433871028,-0.6811804591833122
1.46060215254668,1.4800037093573537,1.4422754255993917,0.9654858676371818,0.6967174941015656,1.6319781132797568,1.6125691722397832,1.6391074708379914,1.6163409279661356,0.9728848147803781
1.0970639814699839,1.2699336881399386,0.9843749048031144,2.652873983743169,2.5324752164032427,1.8866896251792775,2.303600623622561,2.0012374893299203,2.1095263465722556,2.29607612756179
0.31034465812432266,0.4708438035089885,0.17636535226757175,2.0866447870439133,1.1702950096482676,0.2590209393823411,0.6385722558511259,0.06050185624695984,4.307271874426959,1.8423235254802468
0.037691029816800614,-0.03085283539848467,-0.06197044675558361,-0.8041373091867685,-0.9074102668924104,-0.010186349617152361,-0.043523444005150375,-0.10702722512333551,-0.5550182204884354,-0.5985000353812056
-0.689385312336591,-0.726555317430276,-0.6717460471203156,-0.9161276514164218,-0.9657046669542594,-0.7577542829157452,-0.7845951039363362,-0.6987406436883035,-0.9261066653248496,-0.870903862603984
0.3245453679320058,0.25541905626054145,0.20082463474488849,-0.37513394663214344,-0.44750356197968183,0.23002938518239557,0.19178467952605435,0.09161691123388782,0.11519581627493984,-0.1691099891161217
0.34442636166276264,0.4337726232941504,0.14081406959705334,1.492794653920303,1.2546413318616507,0.3729163308821269,0.5313432375331087,0.17634830391015466,1.7190079314502889,1.8986619358058077
-0.17531961729845078,-0.15936626014325625,-0.2752781427786941,-0.037656323410945956,0.12615460500063688,-0.30424354221659855,-0.29580949543670765,-0.36104561188102374,0.34355793617427155,0.46736178158886116
-1.0358826316440661,-1.0400127412468498,-0.902118358825275,-0.5083421900241415,-0.46994432660526086,-0.9917575418153046,-1.0002445741092374,-0.8399010343917108,-0.7392431239366359,-0.7193992186203817
0.14561642435519487,0.15656257568764015,-0.008501317619124035,0.13635557606248397,0.5602673275851138,0.014663553982801076,0.06370557431286715,-0.13532961977246205,-0.05655552600228871,0.3820928362312555
0.09165372708599749,0.10383911938209288,-0.034667061664625395,0.36661374607278013,0.2806605591468649,0.42675778868202513,0.31688520089707456,0.2872725959821971,1.0770992834979656,1.0535857809223974
-0.8768346817980122,-0.8670139002442727,-0.8011527160410027,-0.7324484241944679,-0.6221288223419462,-0.7991707889156672,-0.8140830839737908,-0.7193082224084762,-0.7939348921478203,-0.6135743667926393
1.6139698184696607,1.5665031298586418,1.720997481736256,0.7420073820219546,1.1880928574547613,2.2884297333785217,2.3691294681502386,2.667486406846625,1.2713989863534896,1.8910486371131643
-1.0983657547978736,-1.0799672354783971,-0.9479084109049026,-0.873440749669693,-0.7541940118625952,-1.0124657948152656,-1.0136482013989898,-0.8544917098940555,-0.8925240006337714,-0.7254898575744962
-0.35140841891372504,-0.4151574036256375,-0.3952992730743644,-0.8311304970560235,-0.9597720510187616,-0.548600927616139,-0.591582870963905,-0.5336726401135843,-0.7368443621729874,-0.928003602798809
-0.20656117887535416,-0.13712355201435325,-0.2792598864377921,0.6993204802752255,0.8460646517821433,0.02915933108277385,0.1798703441573856,-0.06360678115852664,1.1437848605273926,1.3779123052290037
-0.3315274251829682,-0.32083184507899415,-0.36884911876749854,-0.6055176663534595,-0.7761188968416092,-0.44298883731633737,-0.3261910506268124,-0.45474235938403273,-0.5363078787319776,-0.7388892632735486
1.028900574393104,1.0433875868270401,0.9291993140984699,1.0169612491552964,0.8772753703993279,1.0894218846807786,1.1359957574930397,0.9781322914546641,1.76410465260688,1.2545768664081816
1.8326607495079852,1.7600970709805726,1.8063205601455004,0.9441424167638177,1.20434306632156,1.4435330109801114,1.520233073132602,1.3631151751912296,0.5464931813789299,1.1784438794817482
0.32738550989354237,0.28631170643957304,0.15844750580163058,-0.44004314722937526,-0.420161940711735,0.31700404778223223,0.19476326336822133,0.16263658476337295,0.43567038789837176,0.12171802094285367
-0.0986357843369604,-0.14824490607880444,-0.19621209011946128,-0.9824178988348712,-1.005504781686752,-0.20691475311678195,-0.2788315675363547,-0.30584715275167146,-1.1371017500553666,-1.2407579130925972
0.2762629545858821,0.2179359740433166,0.16470453155164164,-0.45536021197378973,-0.40184821325867626,0.37912880678211547,0.3109280332127402,0.2626618180264349,-0.004742271907482448,0.5846065814555682
-0.5076162267982429,-0.5634421244849889,-0.5284032753927853,-0.8500885034200119,-0.7320111870602987,-0.6397172408159674,-0.6895782793712043,-0.6108450081320099,-1.0697445197321183,-1.0152520058165015
-1.6845710556590454,-1.6582776468298683,-1.288347493757787,-0.9154999028613228,-1.109196590646324,-1.512777187294324,-1.4893280409930831,-1.1222218157985258,-0.9757610338323723,-1.3546528615345415
-0.192360469067671,-0.22115156050131943,-0.2838104506196185,-0.6159382923681022,-0.544746875357191,-0.24211878321671568,-0.2880651774470729,-0.3185041242717778,-0.6432926533906981,-0.5404866993432634
-0.7973107068749847,-0.8324141320437572,-0.7371604072340695,-0.9098501658654322,-1.1812133893068026,-0.8675080238155386,-0.817359526200175,-0.7528843551909803,-0.7833803403877672,-1.4278927949577702
2.3126447410076856,2.5056396953012023,2.429179032532983,4.238566833923126,3.4404233943577034,2.5120788657781006,2.964846236583668,2.600685723823842,3.303629952516451,2.685877020625128
1.4975239980466564,1.5294319496438036,1.4223667073039012,1.4576407348347618,1.0302336856058605,1.1142717882807311,1.1211028382822041,0.9429740372321467,0.35315298322886535,0.6363770125655431
-1.8084012451820448,-1.8143885057345748,-1.3477892383828938,-1.1148728439607505,-1.2618195840825894,-1.410892582534516,-1.4327349479919074,-1.0758129202248026,-1.3058306525103982,-1.7450628184932915
0.20809954750900161,0.12031519947757661,0.05350011935826028,-0.6947835108885307,-0.5197267124987868,0.008451078082812532,-0.1477738784810005,-0.18121114153284731,-0.720532782180178,-0.5313507409120913
-0.8512734041441816,-0.8855494903516918,-0.778684305393235,-0.9429952895746568,-0.9084420261855405,-0.9503410358153828,-0.980288062366718,-0.8077312317781074,-1.0861040749602007,-1.1292992202322987
-1.2517334207208541,-1.2867420406767154,-1.0431858484618919,-1.1148728439607505,-1.2618195840825894,-1.3048663271747154,-1.3406967072689424,-1.0139343927931719,-1.3058306525103982,-1.7450628184932915
-1.2841110390823727,-1.2492589584594902,-1.0648010283255673,-0.05749317775207287,-0.6706215091190595,-1.1429277887150202,-1.0726241614738994,-0.9263903397791037,0.7767743106891803,-0.5086631108080144
-1.1494883101055338,-1.1619357339534278,-0.9595692316208327,-1.0948225551108899,-1.199810850565472,-0.9109953551154569,-0.9493107904081795,-0.7797804196712061,-1.2726317897015038,-1.5864016737386044
-0.44513310364443565,-0.4139216976184762,-0.4809067617449727,0.17828917954309403,-0.12920582004905537,-0.6003715601160415,-0.5433298127207975,-0.5857068563629101,-0.16018203419190152,-0.334318570746482
0.2847833804704925,0.1952813639120263,0.18376001906303963,-0.526546898122011,-0.5553224081117741,0.20517948158244287,0.08455566120803683,0.08933162470942407,-0.5636537628375697,-0.7439140404106932
-1.0358826316440661,-1.008296287063044,-0.9137791795412049,-0.31951542465037613,-0.6897090560419658,-0.8571538973155579,-0.7700000431097174,-0.7738035164533782,0.10416151216215688,-0.32746660192310295
-0.3826499804906289,-0.4365763077497659,-0.4334102480971601,-0.656239749605455,-0.5230799302014595,-0.5817341324160763,-0.6431123714333968,-0.572522511029466,-0.8073679580242517,-0.8494343602907298
0.17401784397056164,0.11248906143222204,0.0389951960286887,-0.5994912802245095,-0.48103573900640917,0.04986758408273517,0.004133897469524221,-0.0952492099587923,-0.5329496122628697,-0.07775040480440165
-1.1994748086285794,-1.1273359657529125,-1.002515181086819,0.5260618790679146,-0.30331520076475466,-1.037315698415219,-1.0184139355464574,-0.8620507345518968,0.36658604910529674,-0.23610701761138306
-0.08727521649081339,0.01486828686648205,-0.16777106398304656,0.5888367345778096,0.481595681483946,-0.053673680917069956,-0.037566276320815994,-0.16275305806602566,0.31621205206867936,0.5709026438088105
-0.35140841891372504,-0.28911539089518856,-0.4058224527448377,0.6101801854511741,-0.23521908741816994,-0.3891473795164388,-0.06735211474248746,-0.42450626075266773,2.401215777031907,0.6318090333499568
-0.1099963521831069,-0.15854245613848164,-0.19877178247173855,-0.7531641265127333,-0.9190175589401239,-0.19241897601680918,-0.29997951281574164,-0.27191943742694225,-0.555497972841165,-0.8285739218728871
-0.21508160475996452,-0.2417466606206738,-0.28836101480144494,-0.09892458238860377,-0.5395880788915406,-0.41606810841638825,-0.45486587260843336,-0.4368116497305488,0.281190130319412,-0.37801890524225473
0.159817134162878,0.2574785662724768,0.0034439133581702828,0.705597965826215,0.3632013025972705,0.03951345758275451,0.20369901489472267,-0.12548530859015714,0.23849217092646982,-0.057955828203529056
-0.3457281349906518,-0.38879567547286387,-0.3938772217675437,-0.6286188131811009,-0.6486966241400455,-0.49475946981623997,-0.49001316194600547,-0.4921859001310137,-0.45954750229522734,-0.4911525238149345
-0.1440780557215474,-0.1968493423604811,-0.2323321933127078,-0.7414880033878928,-0.6316725958033993,-0.19034815071681313,-0.28836303583128975,-0.2650635778535514,-0.8025704344969548,-0.6527067220728261
0.9152948959316368,0.783889325323175,0.7912603373368584,-0.7519086294025354,-0.5300443054300875,0.7415232342814334,0.6236793366402902,0.5931494077180985,-0.7248505533547452,-0.4911525238149345
0.24786153497051538,0.2257621120886712,0.08421642758558806,-0.29817197377701177,-0.2868070520746735,0.02915933108277385,0.2066775987368901,-0.12724322130128302,0.3262868514760028,0.35468496093773955
-0.6609838927212237,-0.6882484312082765,-0.6342038926202482,-0.7566795184212876,-0.839314153545826,-0.5838049577160727,-0.6332830447542452,-0.5600413307804724,-0.6106694934050793,-0.9295262625373376
0.114374862778291,0.07788929323170653,-0.030400907744163187,-0.2492075864792934,0.4134995681373613,-0.09716101221698828,-0.12394520774366341,-0.22972953235992136,-0.6471306722125356,-0.11733955800614707
-0.11851677806771677,-0.13341643399286932,-0.23858921906271918,-0.43878765011917736,-0.2860332326048259,-0.24004795791671962,-0.2332592347511973,-0.31410934249396316,-0.37750984997845055,0.2100322857775161
-0.7859501390288381,-0.8023452858695003,-0.7254995865181394,-0.7654679981926729,-0.7201459551893028,-0.6666379697159165,-0.6609838744864,-0.6315883781232954,-0.4369991417169319,-0.42065337792105734
-1.5340435316976007,-1.4881621198440012,-1.2058685179621844,-0.5961014380269751,-0.7655433640870258,-1.375274387374583,-1.274274287588615,-1.048037899389014,-0.12755887420628267,-0.14627009303819172
0.5631172927010872,0.540867143914793,0.4496836134385174,0.07119527604321257,0.2711167856854117,0.7560190113814061,0.6475080073776276,0.6195180983849866,0.038435439838189575,0.10649142355756698
1.239071079546818,1.2081483877818753,1.1749297799170932,0.7570733473443295,1.1068418131207682,1.342062571280303,1.1657815959147113,1.264672063368181,0.38913440968359203,0.787120326679881
-0.11851677806771677,-0.07286683964196745,-0.21896491102859308,0.061025749450609464,0.2819502582632775,0.16376297558252023,0.09944858041887256,0.028859427446694178,-0.02105385190029193,0.6241957346573134
0.09733401100907124,0.15821018369718876,0.004297144142262595,0.1519237402289381,-0.25843367151359664,-0.010186349617152361,0.18582751184171997,-0.12601268240349503,0.6323688525175443,0.0897421664337516
-0.1667991914138409,-0.18572798829602988,-0.2519565013468342,-0.27820956972486494,-0.028609288968873544,-0.24004795791671962,-0.22521705837734612,-0.2977607542804924,-0.15922252948644225,0.21612292473163094
0.3785080652012031,0.4337726232941504,0.23324740454040122,1.4362972839613972,1.5677802773266272,0.5220157524818461,0.5283646536909418,0.3892315332274976,1.4911255639036867,1.0368365237985822
-0.362768986759872,-0.3846766554489932,-0.39928101673346245,-0.3457553142535124,-0.7802459340141294,-0.3870765542164427,-0.46558877444023505,-0.4127282455881245,-0.4240458281932304,-0.8922210989433854
1.4435613007774601,1.3811472287844524,1.413834399462977,0.546149832831081,1.0580911865203728,2.0440723479789815,1.8717059665083247,2.22273449093178,0.5551287237280644,1.4388186947701502
-0.4706943812982658,-0.47447129196937804,-0.4971181466427291,-0.6617639368903258,-0.6507601427263057,-0.45748461441631016,-0.4301436267184461,-0.4804078849664705,-0.3328928811745895,-0.14170211382260559
-0.47353452325980244,-0.47529509597415204,-0.522146249642774,-0.2573683176955798,-0.46246407173006787,-0.5817341324160763,-0.5698392089160852,-0.5788509967895192,-0.3923821729130708,-0.5840347678651833
-0.9279572371056725,-0.9662822828195607,-0.8372728192342493,-1.1148728439607505,-1.2618195840825894,-0.9544826864153748,-0.9883302387405691,-0.8232008636360151,-1.3058306525103982,-1.7450628184932915
-0.7831099970673016,-0.8155261499458868,-0.736307176449977,-0.8136790872242725,-0.701316348089679,-0.8095249154156479,-0.8331460205636606,-0.7405789662130992,-0.9446251061402156,-0.8005569826839596
1.329955622315992,1.1916723076863922,1.2716292687809032,-0.10796416158202886,0.2453228033571601,0.7643023125813904,0.6475080073776276,0.6247918365183641,-0.24557795297778615,0.2252588831628028
-0.180999901221524,-0.2083825984273196,-0.26703024519913393,-0.5183861669057247,-0.38895122209455035,-0.23176465671673502,-0.24606714527251625,-0.3195588718984534,-0.21103578358124864,0.2069869663004591
-1.2951875927323657,-1.3081609448008438,-1.0673607206778446,-0.907464721356056,-0.8318338986706327,-1.1926275959149266,-1.2367441311773093,-0.9575053947660316,-0.9622799927206681,-0.6453979553278885
0.8556519147393662,0.9898403265167189,0.7332406440185725,1.6836302146703848,2.35191734010548,1.2385213062804976,1.34449662644474,1.0203221965216849,0.5426551625570922,2.1377195147548083
-0.8711543978749384,-0.892139922389885,-0.7869322029727953,-0.774382027675078,-1.0749163881320773,-0.7432585058157725,-0.7884672629311534,-0.6748330308169916,-0.30842551118537537,-0.8990730677667644
0.13709599847058448,0.029284856950030476,0.02847201635821512,-0.9332024121151133,-0.7776665357813043,0.03951345758275451,-0.10607370469066027,-0.0699352669185798,-1.078140185904888,-0.8599407124865777
-1.827998224716648,-1.797088621634317,-1.3779367260874935,0.04671308239435347,-0.9099896651252357,-1.5720027908742125,-1.571834813421113,-1.1549189922254668,0.3219690803014355,-0.9837329492289582
1.4037993133159463,1.4964797894528374,1.2773174740081863,1.5304595672262402,1.307518995634567,1.6195531614797805,2.0891425869865268,1.3543256116356004,2.1685358859580073,2.050927909658674
-0.12419706199079052,-0.17007571220532017,-0.21555198789222318,-0.7939677825941653,-0.7379438029957964,-0.2959602410166143,-0.2413014111250489,-0.3691320103522028,-0.6600839857362372,-0.6811804591833122
1.4293605909697764,1.4099803689515487,1.3740169628719963,1.2969371047294294,1.2309108681196594,1.5429326253799245,1.564911830765109,1.482653239547789,1.4546643850962306,1.1053562120323723
1.6111296765081244,1.5541460697870286,1.6356744033270119,0.48211948021098777,0.9799354200657698,1.9591685106791414,1.8776631341926593,1.9836583622186617,0.42943360731288593,1.0261779056288816
-0.7575487194134709,-0.7570360656069203,-0.7161140478931225,-0.6950346103105703,-0.8743939695122483,-0.7432585058157725,-0.7318741699299779,-0.6869626285237601,-0.7176542680638,-0.9062295685378491
-0.5871402017212699,-0.6305821508740845,-0.5960929175974524,-1.0205850109848875,-1.0428802620803885,-0.5444592770161465,-0.6171986920065424,-0.5589865831537968,-1.0896542423704005,-0.9695722136606416
-0.2775647279137713,-0.27428691880925343,-0.32988491296061057,0.05186062054616481,-0.3634151795895812,-0.3104560181165871,-0.28568231037333924,-0.3573539951876596,0.13774417685323512,-0.2647330206957219
-0.14691819768308403,-0.1733709282244168,-0.23403865488089276,-0.4513426212211564,-0.4660752292560231,0.12855894548258687,0.1768917603152186,-0.05604775650068527,0.5153092784515001,0.27855197401130616
-1.0983657547978736,-1.0758482154545266,-0.9501836929958158,-0.5677272033365024,-0.6329622949198119,-1.1263611863150513,-1.0776877540055836,-0.9197102714768254,-0.4504322075933633,-0.47623045837735367
-1.361646914632324,-1.3575891850872945,-1.1117287214506515,-0.6131761987256666,-0.9311407306344022,-1.3303374783646673,-1.3225273458317228,-1.027997694482179,-0.922364596973558,-1.3546528615345415
-0.8711543978749384,-0.8534211341654989,-0.8202082035524005,-0.6047643680873407,-0.1609324183128049,-0.9482702105153866,-0.9287585618972262,-0.8253103588893661,-0.7032616974819093,-0.2964043432571181
-0.9847600763364059,-1.008296287063044,-0.8682735377229414,-1.1148728439607505,-1.2618195840825894,-0.9793325900153282,-1.0145417765516398,-0.8302325144805186,-1.3058306525103982,-1.7450628184932915
-0.6496233248750772,-0.5782705965709241,-0.6094601998815673,0.41432263626030075,0.07482458016741594,0.11406316838261409,0.3615639585295818,0.014268751944349537,2.0313267130773163,0.6089691372720267
-1.0273622057594562,-0.9609275567885288,-0.9120727179730201,-0.3018129153965857,-0.47046020625182594,-1.05802395141518,-1.0318175628362092,-0.8898257553876856,-0.6845513557254513,-0.8107588029321018
-0.4138915420675323,-0.4415191317784111,-0.46924594102904277,-0.7139926166745587,-0.7183403764263252,-0.5299634999161736,-0.5528612810157322,-0.5382432131625116,-0.8164832527261158,-0.8920688329695324
-0.8654741139518652,-0.8962589424137564,-0.8025747673478234,-0.818198876820985,-0.595561020543847,-1.0186782707152542,-1.0499869242734288,-0.8509758844718038,-1.1169041760054468,-1.0894055350828478
-0.8768346817980122,-0.87731145030395,-0.8025747673478234,-0.6696735686845725,-0.7268523905946482,-0.8654371985155425,-0.8200402516581252,-0.7620255012888347,-0.5607752487211917,-0.7166584310910301
-0.48205494914441277,-0.5506731624109896,-0.5050816339609252,-0.9463851317721913,-0.8235798243255922,-0.6977003492158581,-0.7595749996621322,-0.641081106763375,-1.1985100512047668,-1.313845580541973
0.16549741808595175,0.14750073163512428,0.005719195449083332,0.5084849195251437,0.8334256004412998,0.331499824882205,0.2513563563693973,0.1844347023813337,0.4150410367309953,1.047495141968283
0.21093968947053826,0.17097914577118858,0.0739776581764787,-0.2581216159616986,0.015240480989154427,-0.053673680917069956,-0.1001165370063259,-0.17048787399497947,-0.49025165286992733,-0.19651786440963767
0.716484958624068,0.7426991250844662,0.7102034128480764,0.7997602490910583,1.1034885954180957,2.110338757578857,2.077228251617858,2.345788380710591,0.9466066435554902,1.4449093337242647
0.5687975766241605,0.6644377446309193,0.40929735632480835,1.0470931798000458,1.38980179926169,0.9713848425810007,0.8798375470666654,0.7636669406973079,0.9893046029484325,1.4114108194766344
-0.3570887028367988,-0.3949742055086704,-0.4058224527448377,-0.6252289709835667,-0.8452467694813238,-0.49061781921624786,-0.5358833531153797,-0.49763542953550394,-0.35016396587285836,-0.8649654896237222
-1.3241570407400398,-1.3122799648247148,-1.0963705673369877,-0.842178871625765,-0.8738780898656833,-1.2133358489148878,-1.198320399613353,-0.9666465408638862,-0.8542877381212153,-0.7527454668941594
2.164957359007778,2.2790935939883044,2.3779851854874363,1.6409433129236561,1.5445656932312004,2.468591534478183,2.640180597787449,2.642875628890863,1.4800912597909042,1.0581537601379838
-0.27472458595223465,-0.32577466910763936,-0.3304537334833386,-0.8888833641251271,-0.9378471660397475,-0.3663683012164818,-0.3565726058169172,-0.4083334638103098,-0.9365172913790839,-1.106307058180516
-0.9137565272979888,-0.9403324566691744,-0.8281716908705967,-0.9596934011402892,-0.9086999660088231,-1.014536620115262,-1.0377747305205436,-0.8585349091296451,-1.167470073983156,-1.2587252980072354
-0.533177504452073,-0.5679730465112468,-0.5357979421882532,-0.8996806392728292,-0.9365574669233351,-0.43470553611635315,-0.4325264937921797,-0.4529844466729069,-0.7157352586528811,-0.7804578741353811
-0.3911704063752388,-0.38961947947763786,-0.4581539408358409,-0.6277399652039624,-0.48928981335144967,-0.3767224277164624,-0.40601709759689214,-0.45087495141955575,-0.6231430545760511,-0.5200830588469794
0.12857557258597463,0.09560107933435158,0.011122990415002067,-0.08260311995603103,-0.14003929262692102,0.10163821658263773,0.03689831973336266,-0.03266751744271128,-0.11028778950801392,-0.34634758268085847
-0.5274972205289998,-0.5992775986926657,-0.5389264550632589,-1.1148728439607505,-1.2618195840825894,-0.5838049577160727,-0.660686016102183,-0.5654908601849625,-1.3058306525103982,-1.7450628184932915
-0.5587387821059032,-0.5634421244849889,-0.5676518914610377,-0.7487698866270407,-0.8679454739301854,-0.6065840360160297,-0.5489891220209151,-0.5857068563629101,-0.5286318410883025,-0.8786694272704803
0.04053117177833724,0.07418217521022259,-0.07135598538060066,0.7219194282587882,0.3216729910487852,-0.20277310251678984,-0.08820220163765757,-0.2677004469202402,0.7254408089471037,0.3287997453827521
0.26490238673973565,0.34315418276899096,0.1442269927334232,1.0194722433756922,1.011919958152802,0.4060495356820646,0.4836858960584346,0.2538722544708056,1.190320838742172,1.4753625284948382
3.7185150119683446,3.7125125622953687,4.536659069241315,2.4896593594174417,3.5822902971630883,3.4895084073762606,3.3818479744870684,4.105459004547587,1.2560469110661396,2.3478465586717636
-0.3230069992983583,-0.32495086510286536,-0.39984983725619083,-0.6455680241687728,-0.7206618348358679,-0.5278926746161776,-0.5921785877323388,-0.5354305528247102,-0.6101897410523496,-0.8543068714540215
-0.2434830243753313,-0.2977653329453177,-0.29348039950599947,-0.7054552363252129,-0.5787949320304833,0.01880520458279319,-0.0822450339533232,-0.08786597657206356,-0.6581649763253185,-0.22088042022609639
1.9973889832771135,1.8630725715773446,2.130548258100628,0.262407485926354,0.9647169704921011,2.671532413877801,2.4048724742562437,3.048953465160939,0.2077880203517697,1.3139605962107994
-0.07307450668313027,-0.09057862574461252,-0.199340602994467,-0.6518455097197622,-0.6507601427263057,-0.25247290971669595,-0.24100355274083204,-0.33748958155193715,-0.6452116628016169,-0.7028022274704193
-0.07307450668313027,-0.1420663760429985,-0.1740280897330576,-0.9262971780090248,-0.723241233068693,-0.24004795791671962,-0.3133831401054939,-0.32729368782740714,-1.0522815340927576,-0.8990730677667644
1.713374787123445,1.6118123501212211,1.7608149183272368,0.33522631831783256,0.7310234905981403,1.4062581555801816,1.2789677819170624,1.3648730879023556,-0.055596021296829445,0.4247273089100581
-0.15259848160615727,-0.23598003258725456,-0.2348918856649854,-0.8641500710542284,-0.9424900828588328,-0.1592857712168715,-0.24874787073046678,-0.24871498964008068,-0.7972931586169283,-0.9555637440661777
-0.47637466522133953,-0.3871480674633158,-0.5056504544836534,0.8663015959315473,0.8246556464496944,-0.16549824711685968,-0.11500945621716163,-0.24432020786226602,1.2632431963570847,0.905887786285117
-1.4704243517591793,-1.3687105391517456,-1.1651978505871112,0.04809412921557115,-0.6664944719465392,-1.4195900487944997,-1.3082301433893204,-1.0733518424292263,-0.5650930198957588,-1.1594478830551664
1.284513350931405,1.3070048683547766,1.197682600826225,1.3634784515699185,1.3407932328380119,1.3565583483802757,1.290882117285731,1.2066609439010272,2.2179503782891654,1.8758220397278775
-0.13555762983693703,-0.16842810419577214,-0.24456183455136635,-0.6267355675158042,-0.6007198170094973,-0.19241897601680918,-0.22491919999312968,-0.3065503178361218,-0.4619462640588758,-0.5184081331345977
0.42111019462425303,0.33079712269737843,0.2949644312564213,-0.5864341102784513,-0.5274649071972624,0.33978312608218925,0.25731352405373165,0.18988423178582392,-0.22159033534130168,-0.4404479545219299
-0.7547085774519343,-0.7805144797429846,-0.7172516889385792,-0.7900757415525518,-0.6628833144205839,-0.7784625359157062,-0.8218274019634255,-0.7115734064795223,-0.834569916424025,-0.7480252217047207
0.08313330120138762,0.08983445130093233,-0.03893321558508761,-0.10959630782528604,-0.17253971036051832,0.08300078888267284,0.12327725115621008,-0.03249172617159865,0.4956394319895829,0.4079780517862429
0.15697699220134137,0.11413666944177006,0.08421642758558806,-0.18643273096939797,0.09468594656016979,0.5799988608817371,0.4807073122162676,0.4525163908280289,0.09216770334391465,0.7048967007993328
-0.5899803436828065,-0.5737396745446661,-0.5847165071428865,-0.2872491489182899,-0.552743009878949,-0.5196093734161934,-0.5177139916781601,-0.5238283289312794,0.1574140233151523,-0.7480252217047207
-1.2622419459785401,-1.2735611766003285,-1.0500116947346316,-0.8214631693074995,-1.013810443996449,-1.1056529333150904,-1.1366637140804932,-0.9077564650411696,-0.8572622027081392,-1.1594478830551664
-0.8967156755287685,-0.8336498380509185,-0.8059876904841932,0.07245077315341052,-0.32988300256285386,-0.8095249154156479,-0.5099696736885254,-0.7105186588528468,0.9869058411847841,0.6226730749187849
-0.7689092872596179,-0.5926871666544724,-0.7644637923250276,1.915897180056998,1.4517073568494943,-0.28146446391664154,-0.24993930426733338,-0.5500212283270548,1.9895882583898332,2.175786008218025
-0.45081338756750944,-0.4415191317784111,-0.5079257365745666,-0.370614157035431,-0.41603490353921474,-0.5589550541161192,-0.6133265330117253,-0.577620457891731,-0.39957845820401616,-0.46435371241683
0.8329307790470721,0.8168414855141419,0.7500208494390571,0.7784167982176937,1.3005546204059388,0.9775973184809884,1.0704669129653621,0.8462888381202238,0.5747985701899816,1.0368365237985822
0.06041216550909412,0.022282522909449914,-0.03893321558508761,-0.3962262980834683,-0.07452257751316158,0.10370904188263343,0.0934914127345386,-0.012978895078101451,-0.5228748128555462,-0.08993168271263091
0.12857557258597463,0.2241145040791226,-0.028694446175978564,0.6742105380712673,1.0036658838077614,0.2797291923823024,0.4509214737945962,0.02868363617558155,1.3515176292593474,2.367641135272637
-0.6723444605673707,-0.7104911393371796,-0.6455803030748141,-0.9068369728009572,-0.9742166811225825,-0.6811337468158892,-0.723236276787693,-0.6400263591366995,-1.040863428097791,-1.1793947256298918
-0.3684492706829453,-0.2763464288211887,-0.4314193762676111,1.0131947578247027,0.5079055434587629,-0.22141053021675472,-0.0584163632159861,-0.306901900378347,1.7079736273375061,1.265235484577882
-0.31164643145221177,-0.3855004594537672,-0.37283086242659685,-0.7932144843280465,-0.507861480627791,-0.6148673372160139,-0.6791532359236195,-0.5883437254295989,-1.0739663404361397,-0.9817534915688708
0.7704476558932655,0.6767948047025324,0.6408073090752245,-0.46829183220882825,-0.5470683337667337,0.4039787103820682,0.38837121310908584,0.26617764344868666,-0.402936724673124,-0.46054706307050836
1.804259329892619,1.6694786304554137,1.851826201963764,0.020347643080197354,0.29149403172473076,1.6464738903797296,1.6215049237662842,1.5283589700370614,0.20922727740995886,0.45518050368063145
-0.260523876144551,-0.29199870491189844,-0.3313069642674313,-0.7398558571446355,-0.4170666628323448,-0.39328903011643124,-0.44027081178181404,-0.4412064315083635,-0.7963336539114687,-0.5333301985721787
-1.549664312486053,-1.5466522041829676,-1.2163916976326579,-1.1148728439607505,-1.2618195840825894,-1.4510665933544402,-1.4565636187292446,-1.0923372997093859,-1.3058306525103982,-1.7450628184932915
-0.6411028989904674,-0.623579816833504,-0.633919482358884,-0.012923030340047183,-0.6463751657305028,-0.7204794275158155,-0.7074497824242071,-0.65637494735017,0.23801241857373992,-0.4127355472807084
-0.38833026441370216,-0.3986813235301538,-0.4288596839153337,-0.6061454149085584,-0.604588914358735,-0.43056388551636104,-0.45337658068734943,-0.46019188878852296,-0.4571487405315789,-0.46435371241683
0.20809954750900161,0.3472732027928622,0.046958683346884696,1.0157057520450983,1.0281701670196004,-0.03917790381709792,0.33773528779224427,-0.16855417001274095,0.8957528941661431,0.8845705499457155
-0.41957182599060555,-0.3822052434346706,-0.48147558226770093,-0.1083408107150881,0.04696707925290412,-0.3912182048164348,-0.3565726058169172,-0.43399898939274734,0.41264227496734684,0.39731943361654215
-0.8001508488365213,-0.8307665240342093,-0.7417109714158958,-0.6492089657883466,-0.6866137781625755,-0.815737391315636,-0.871569752127617,-0.7275704121507678,-0.6130682551687276,-0.6851393745034866
-0.6212219052597104,-0.5807420085852466,-0.6083225588361107,-0.2895090437166461,-0.2839697140185658,-0.6272922890159907,-0.4486108465398821,-0.5879921428873737,-0.17121633830468447,0.013609179507318417
0.9493765994700764,0.9939593465405896,0.9377316219393943,1.5957454169565317,1.4284927727540677,1.422824757980151,1.4308755578675874,1.3701468260357332,1.0401583523377795,0.8754345915145436
0.23650096712436888,0.20846222798841343,0.09217991490378406,-0.3691075605031935,-0.01880757568413792,-0.003973873717163818,0.05476982278636537,-0.12443056096348178,-0.44035740818603974,0.522177532175893
-0.7177867319519576,-0.745090907537695,-0.6888106628021645,-0.6921469669571151,-0.8034605181095559,-0.7246210781158076,-0.7321720283141943,-0.677645691154793,-0.41349127643317724,-0.48308242720073274
-0.5076162267982429,-0.4456381518022818,-0.5047972236995611,0.247341520603979,-0.0850981102677448,-0.1282233917169299,-0.1656453815340032,-0.19632919084852984,0.8170735083184744,0.476497740020033
-1.2486092645631641,-1.1611119299486534,-1.0087722068368303,4.042709284732253,0.7648136074481502,-1.0870155056151256,-1.0788791875424502,-0.8791024878498178,2.6358146775167244,0.6470356307352434
-0.8115114166826684,-0.7656860076570494,-0.747683586904543,0.1494127460085422,-0.5506794912926888,-0.8757913250155231,-0.8200402516581252,-0.7569275544265698,0.1435012050859913,-0.48551868278237853
1.6934937933926881,1.7600970709805726,1.6840241477589168,1.751427058621072,2.039810153933634,1.5346493241799404,1.5351259923434375,1.4334316836362644,1.0603079511524267,1.1830118586973342
-0.03047237726007989,-0.0979928617875798,-0.13762357627844687,-0.8528505970624473,-0.5777631727373532,-0.28146446391664154,-0.3196381661740447,-0.3369622077385995,-1.005505679701613,-0.49404557731813914
-1.0273622057594562,-1.0346580152158178,-0.9120727179730201,-0.8016263149663726,-0.7781824154278693,-1.1056529333150904,-1.1068778756588218,-0.9103933341078584,-1.1063496242453936,-1.2692316502030832
-1.2074272061208822,-1.154109595908073,-1.014176001802749,-0.3422399223449583,-0.4805198593598441,-1.140856963415024,-1.043731898204878,-0.9130302031745472,-0.037365431893101146,-0.2606218394016946
-0.7263071578365675,-0.731910043461308,-0.6973429706430889,-0.42623267901719825,-0.8934815164351545,-0.6624963191159243,-0.6204751342329263,-0.632994708292196,-0.07766462952239508,-0.730362368737788
-0.5161366526828528,-0.5263709442701513,-0.5232838906882308,-0.6915192184020161,-0.6757803055847098,-0.44713048791632987,-0.5227775842098443,-0.47372781666419206,-0.4888123958117383,-0.42643948492746636
-0.1327174878754004,-0.10334758781861234,-0.22635957782406096,0.0975607153573687,-0.02061315444711538,-0.23383548201673107,-0.17458113306050455,-0.3019797447871947,0.4500629584802624,0.39731943361654215
-1.0813249030286531,-1.098090923583429,-0.9385228722798858,-0.9878165364087222,-1.120081651188846,-1.0393865237152151,-1.0764963204687166,-0.871367671920864,-1.0955072210737027,-1.382517534749616
1.0857034136238373,0.9156979660870432,0.9303369551439264,-0.19923880149341672,0.1816116670063783,0.8926934811811482,0.6534651750619616,0.6687396542965109,-0.22686761122132834,0.059288971663178244
-0.5445380722982196,-0.5432589263680218,-0.5485964039496398,-0.25623837029640156,-0.6082000718846902,-0.6500713673159476,-0.5841364113584872,-0.6164703288076128,0.16988758448612418,-0.35335181747809036
-0.5445380722982196,-0.5626183204802149,-0.5588351733587492,-0.5634585131618296,-0.7389755622889266,-0.4098556325164001,-0.39946421314412445,-0.4499959950639928,-0.14818822537365942,-0.40070653534633194
-0.3570887028367988,-0.3830290474394446,-0.41435476058576226,-0.8892600132581865,-0.7227253534221281,-0.3767224277164624,-0.36104048158016805,-0.4459527958284034,-0.963911150719949,-0.7729968414165909
0.7278455264702155,0.6232475443922105,0.5765305900069272,-0.656741948449534,-0.6667524117698217,0.6027779391816942,0.5968720820607861,0.3575891044272319,-0.11748407479895925,-0.4147150049407955
-0.5530584981828299,-0.6062799327332462,-0.5503028655178247,-0.9738805184855255,-1.13153417934259,-0.7080544757158388,-0.7643407338095999,-0.6460032623545273,-1.1083645841268583,-1.4630662349177825
0.6312806997779683,0.7015089248457574,0.5276120250522938,1.1588324226076598,1.0010864855749362,0.6441944451816161,0.6564437589041294,0.4999800340284274,2.0941742712849054,1.6778762737191508
0.6738828292010182,0.6026524442728561,0.5210705890409184,-0.3789004379627372,-0.014680538511617632,0.38534128268210327,0.29603511400190446,0.22574565109279163,-0.5080024899209259,-0.35594033903358896
-0.5928204856443436,-0.62275601282873,-0.5830100455747017,-0.8176966779769058,-0.6486966241400455,-0.552742578216131,-0.5963486051113728,-0.5501970195981675,-1.0408154528625182,-0.9004434615314402
-1.1580087359901436,-1.135162103798267,-0.9786247191322306,-0.799617519590056,-0.8039763977561211,-1.05802395141518,-1.050880499426079,-0.8729497933608772,-0.7996919203805767,-0.755486254423511
0.03485088785526399,0.06841554717680334,-0.06225485701694782,0.5411278443902892,0.1821275466529433,-0.07852358451702339,0.26624927558023304,-0.14236127061696555,1.182165048745767,0.4582258231576889
-0.8086712747211316,-0.7813382837477586,-0.7681611257227615,-0.5329499333840204,-0.02474019161963567,-0.9006412286154762,-0.915354934607474,-0.7850541578045838,-0.8899333379290311,-0.43390051764625664
0.9010941861239532,0.8662697258005926,0.7773242345300153,0.4745864975498001,0.8927517597962787,0.7415232342814334,0.7041011003788036,0.600181058562602,0.3147727950104902,1.0825163159544422
1.8355008914695223,1.8877866917205708,1.8916436385547444,1.6321548331522708,1.6296858349144314,1.5719241795798702,1.6661836813987914,1.54593809714832,1.1788067822766597,1.4723172090177807
-1.564717064882197,-1.5499474202020642,-1.2240707746894897,-0.8561148895489618,-1.0606523159045542,-1.4003313735045357,-1.4106934275598704,-1.0647380701447098,-0.7454799045221218,-1.0721994800374737
-0.4252521099136788,-0.404447951563573,-0.49626491585863675,0.22223157840002083,0.29123609190144817,-0.6086548613160258,-0.5439255294892309,-0.6208651105854275,-0.24269943886140807,-0.06252380741911498
0.6085595640856742,0.6150095043444692,0.4516744852680666,0.7407518849117565,0.9275736359394187,0.6234861921816555,0.6713366781149651,0.4226318747388891,0.4198385602582922,0.6653075475975876
-0.45081338756750944,-0.5168971982152482,-0.4635577358017598,-1.0998822084649875,-1.1212681743759456,-0.5278926746161776,-0.6088586572484749,-0.5183787995267891,-1.288650720759148,-1.4961079512438544
0.898254044162416,0.9239360061347851,0.8330686457573879,0.10258270379816029,0.6745346692992691,0.8533478004812227,0.9126019693305039,0.7285086864747905,-0.20335974593757353,0.5815612619785108
1.1084245493161313,1.0516256268747821,0.9530897760530582,0.2536190061549685,0.3513360707262747,0.8512769751812264,0.7755871125908153,0.7232349483414129,0.7523069406999663,0.5922198801482116
-0.6723444605673707,-0.698957883270341,-0.6364791747111612,-0.7777718698726124,-0.3551611052445406,-0.6024423854160376,-0.6600902993337497,-0.5748077975539296,-1.0122222126398286,-0.6548384457067663
-0.32016685733682165,-0.3484292792389291,-0.3853449139266193,-0.7211489502026868,-0.5795687515003307,-0.43677636141634923,-0.489715303561789,-0.46388350548188717,-0.9166555439760747,-0.786396247115643
-1.0018009281056262,-0.9345658286357552,-0.8773746660865942,-0.3129868396773471,-0.5803425709701784,-0.9089245298154605,-0.8632297173695489,-0.8012269547469417,-0.38662514468031467,-0.5382027097354705
-0.7121064480288845,-0.6421154069409231,-0.6999026629953662,0.16573420844111494,0.1733575926613377,-0.6024423854160376,-0.5695413505318683,-0.6196345716876392,0.22266034328638998,0.41102337126330035
0.24502139300897877,0.14708882963273756,0.12488709496066101,-0.8138046369352923,-0.5140520363865714,-0.2648978615166727,-0.3491261462114993,-0.3195588718984534,-1.1907860383258189,-1.303643760293831
-0.6354226150673935,-0.6417035049385358,-0.6288000976543293,-0.7940933323051851,-0.6997687091499839,-0.6666379697159165,-0.6603881577179662,-0.6287757177854939,-0.7473989139330405,-0.48688907654705443
-1.4562236419514958,-1.4667432157198728,-1.1620693377121056,-1.0686579953343656,-1.1722628774388995,-1.3605715277446107,-1.380907589138199,-1.0461041954067754,-1.235211106188588,-1.5335653808116596
1.4350408748928498,1.46352762926187,1.402457989008411,0.2837509367997183,0.4849488991866188,1.4683829145800649,1.7614983643481406,1.4193683819472576,0.5484121907898487,0.855640014913671
-1.4442950457130417,-1.313927572834263,-1.1671887224166604,1.3647339486801167,0.004149068588006182,-1.2858147344147512,-1.1509609165228951,-1.0257124079577153,0.9053479412207369,-0.0016174178779682605
-0.6609838927212237,-0.5346089843178932,-0.633919482358884,0.9679968618575777,0.6508042055572774,-0.5237510240161856,-0.4566530229137333,-0.5078313232600339,0.8549739441841199,1.0946975938626715
-0.06455408079851989,-0.13341643399286932,-0.14786234568755624,-0.7388514594564771,-0.7278841498877784,0.02915933108277385,-0.08522361779549016,-0.08804176784317619,-0.503204966393629,-0.5040951315924282
0.23366082516283176,0.24182629018176763,0.09843694065379544,0.02135204076835564,-0.3430379335502623,-0.003973873717163818,-0.004801854056977557,-0.12460635223459421,-0.10644977068617643,-0.4652673082599473
-0.1895203271061339,-0.2503966026708024,-0.2639017323241282,-0.9552991612545965,-0.9737008014760175,-0.3270226205165559,-0.30236237988947534,-0.3515528832409441,-0.9251951358546632,-0.8648132236498693
3.2953338596993786,3.3871099804095692,3.854074441967361,3.1136414231858014,3.6725692353119697,3.4915792326762576,3.635027601071276,4.137101433347852,1.7890517749488237,2.4513874208917135
0.10585443689368113,0.09518917733196429,-0.04035526689190835,-0.004762299123760814,0.22855671484379636,-0.1178692652169496,-0.13288095927016477,-0.23746434828887517,-0.07766462952239508,0.11410472225021033
2.9829182439303428,3.0287552383328036,3.373421100261952,1.7853254805964156,2.5324752164032427,2.8268443113775086,2.9320818143198286,3.0964171083613374,0.9288558065044917,2.0235200343651583
-0.5530584981828299,-0.5840372246043433,-0.5795971224383318,-0.8022540635214714,-0.5032185638087057,-0.7121961263158308,-0.7482563810618971,-0.6774698998836804,-1.066913980851013,-0.8494343602907298
-0.3485682769521884,-0.3389555331840265,-0.4058224527448377,-0.5004325582298946,-0.4653014097861755,-0.3705099518164739,-0.300575229584175,-0.41624407101037625,-0.30314823530534885,-0.204131163102281
0.9465364575085402,0.8827458058960763,0.75570905466634,0.6641665611896842,1.0108881988596716,1.2923627640803967,1.0108952361220191,0.9271528228320138,0.2490467226865229,1.4007522013069336
1.508884565892804,1.4882417494050948,1.456495938667599,1.7175286366457285,1.8179819059106692,1.5926324325798313,1.3891753840772472,1.5107798429258028,1.541979313293034,1.3916162428757612
-1.2327044695785583,-1.2298995643472972,-1.0249835917345866,-1.0291349463053354,-1.0570927463432553,-1.1077237586150865,-1.1453016072227775,-0.9044164308900302,-1.2075293954360848,-1.382517534749616
-0.5473782142597566,-0.5749753805518274,-0.5602572246655699,-0.8645267201872877,-0.8253854030885698,-0.5216801987161894,-0.4810774104195041,-0.5229493725757164,-0.7459596568748514,-0.8990730677667644
1.801419187931082,1.7600970709805726,1.8319174836682734,0.7972492548706623,1.3562696222349628,1.4414621856801157,1.3325822910760712,1.3437781353688452,0.17756362212979915,0.7109873397534475
-0.6467831829135405,-0.676715175141438,-0.631928610529335,-0.7773952207395529,-0.6737167869984496,-0.6645671444159205,-0.6824296781500033,-0.6377410726122359,-0.6744765563181279,-0.35335181747809036
1.7190550710465182,1.7230258907657356,1.6925564555998414,1.5631024920913859,1.9856427910443057,1.1929631496805837,1.1538672605460425,1.0519646253219506,1.2406948357787897,1.5636767933295008
2.874992849391949,3.057588378499899,3.145892891170634,4.243588822363918,3.9279296603616616,2.0192224443790283,2.1933930214623767,2.0961647757307174,1.4781722503799855,1.6778762737191508
-0.7717494292211545,-0.7595074776212428,-0.7192425607681282,-0.33885008014742396,-0.6528236613125658,-0.8074540901156517,-0.8382096130953448,-0.7266914557952049,-0.5151987752118712,-0.786396247115643
2.602339221084427,2.756899916757326,2.9297410925338823,3.3082434752664773,2.9168055530941936,1.8328481673793793,2.077228251617858,1.9432263698627665,2.4803749152323054,2.416366246905554
1.7644973424311052,1.8095253112670238,1.732373892190822,2.105477243696882,2.6175953580864735,1.870123022779309,1.901491804929996,1.858846559728725,1.2579659204770581,2.3432785794561783
-0.26336401810608817,-0.32289135509093003,-0.32220583590377844,-0.5704892969789378,-0.9767960793554076,-0.4823345180162636,-0.5653713331528343,-0.4897248223354375,-0.20335974593757353,-0.9883009284445443
0.580158144470308,0.5902953842012436,0.3800030994043013,-0.2798417159681223,0.13028164217315719,0.14512554788255533,0.1739131764730512,-0.03354647379827421,-0.2916341788398363,0.15978451440607014
1.7928987620464725,1.7230258907657356,1.8148528679864246,0.11538877432217885,0.746241940171809,1.6651113180796946,1.6066120045554484,1.5810963513708376,-0.00953979543477934,0.9424316200098047
1.3327957642775292,1.3070048683547766,1.294382089690035,0.8863895496947136,0.9936062306997433,1.323425143580338,1.1330171736508727,1.2699458015015586,0.5709605513681439,0.855640014913671
2.1535967911616316,2.0154763124605677,2.5344108292377174,0.3515477807504053,0.9216410200039209,2.998722811277185,2.747409616105466,3.9771313766353984,0.06674082864924129,1.0261779056288816
-0.47637466522133953,-0.37561481139647734,-0.5067880955291102,0.8236146941848186,-0.011843200455509786,-0.5154677228162012,-0.28121443461008877,-0.5273441543535311,1.0430368664541576,0.2983465506121792
-0.6183817632981738,-0.6071037367380203,-0.6489932262111838,-0.9678541323565756,-0.8008811198767307,-0.716337776915823,-0.7199598345613091,-0.6757119871725547,-1.1560519679881893,-1.0193631871105289
-0.07875479060620352,-0.14536159206209512,-0.18824860280126496,-0.9365922543126476,-0.967510245717237,-0.16135659651686757,-0.20734555532434343,-0.27191943742694225,-0.9165116182702558,-0.96789728794826
0.3018242322397123,0.23400015213641306,0.16186042893800015,-0.6888826744706005,-0.5764734736209406,-0.014328000217144478,-0.0822450339533232,-0.10808197275001107,-0.6524079480925622,-0.49983168432454794
0.46087218208576675,0.43789164331802105,0.3026435083132531,0.3251823414362492,0.4049875539690383,0.6814693005815459,0.5551719082704463,0.3646207552717354,0.6016647019428442,0.5069509347906064
-0.8711543978749384,-0.843535486108209,-0.7991618442114536,-0.4372810535869399,-0.4000426344956986,-0.9006412286154762,-0.819146676505475,-0.7745066815378285,-0.2028799935848439,-0.10820359957497501
1.1623872465853278,1.1669581875431665,1.0753861884396416,1.1098680353099413,1.4723425427120955,0.896835131781141,0.8292016217498234,0.7742144169640631,-0.04744023130042483,0.2724613350571917
1.5344458435466342,1.4841227293812242,1.6157656850315216,0.3226713472158535,0.45012702304347885,2.4085376007782955,2.1725429345672063,2.806361511025569,0.6107799966447083,0.7292592566157917
1.6082895345465873,1.5829792099541256,1.527598504008636,2.080367301492924,1.7019089854335363,1.3172126676803495,1.2342890242845552,1.2453350235457963,1.4158044445251259,0.8921838486383588
0.262062244778199,0.2179359740433166,0.13370381306294965,-0.1750077072665971,-0.1436504501528763,0.2714458911823175,0.19476326336822133,0.15191331722550508,0.06913959041288974,-0.03968391134118496
-0.8484332621826449,-0.8538330361678862,-0.7687299462454897,-0.5492713958165932,-0.8823901040340063,-0.8592247226155543,-0.823316693884509,-0.7507748599376293,-0.7296480768820421,-1.1478756690423484
-0.3372077091060419,-0.36202204531770293,-0.4189053247675885,-0.7010609964395201,-0.6453434064373728,-0.49890112041623247,-0.5233733009782776,-0.5268167805401934,-0.4374788940696617,-0.46785582981544604
-0.25200345025994114,-0.21003020643686762,-0.3185085025060446,0.15317923733913602,-0.5310760647232174,-0.17171072301684823,0.23050626947422717,-0.2585593008223856,1.8394257719854408,0.32118644669010876
-0.30596614752913803,-0.2833487628617693,-0.40639127326756613,0.0907810309623,0.18341724576935595,-0.43056388551636104,-0.38844345292810584,-0.5087102796155969,-0.07142784893690929,0.1704431325757709
-0.07875479060620352,-0.13547594400480464,-0.1771566026080633,-0.9463851317721913,-0.670363569295777,-0.132365042316922,-0.1894740522713403,-0.23113586252882198,-1.0778043592579771,-0.8482162324999069
-0.2349625984907209,-0.2771702328259633,-0.3094073741423918,-0.6950346103105703,-0.6365734524457671,-0.42849306021636496,-0.42656932610784537,-0.45597289828182075,-0.7243708010020155,-0.8902416412832981
-0.39969083225984864,-0.41968832565189546,-0.46298891527903135,-0.95316481616726,-0.7655433640870258,-0.573450831216092,-0.5576270151631996,-0.574632006282817,-1.054776246326952,-0.7792397463445583
-0.6041810534904902,-0.6260512288478266,-0.6040564049156485,-0.605768765775499,-0.760126627798093,-0.6583546685159323,-0.6609838744864,-0.6273693876165931,-0.4369991417169319,-0.6615381485562923
1.551486695315854,1.4717656693096117,1.5247544013949943,0.9629748734167863,1.0758890343268663,1.0707844569808136,0.9691950623316797,0.9500056880766502,0.6021444542955737,0.48715635818973374
1.849701601277206,1.7642160910044444,1.9343051777593665,0.802271243311454,1.0444203758863992,1.8846187998792818,1.7734126997168094,1.8729098614177317,0.689459382492377,1.4707945492792522
0.037691029816800614,0.24141438817938032,-0.07107157511923645,2.6553849779635654,0.7495951578744815,-0.2007022772167934,-0.007780437899144533,-0.3016281622449694,1.9483295560550804,0.5465400879923515
-0.37412955460601854,-0.4398715237688625,-0.4154924016312188,-0.9994549946202568,-0.9187596191168412,-0.5465301023161425,-0.6124329578590751,-0.5447474901936772,-1.17351495362755,-1.1375215828203538
0.8386110629701454,0.7921273653709169,0.7850033115868471,0.1494127460085422,0.39699141944728045,1.3855499025802211,1.3355608749182382,1.3490518735022228,-0.039764193656749595,0.6226730749187849
-1.3411978925092602,-1.3332869669464562,-1.091251182632433,-0.8578725855032389,-0.9375892262164651,-1.1222195357150593,-1.1476844742965113,-0.9161944460545737,-1.0112147326990963,-1.1710200970679843
-0.905236101413379,-0.8888447063707885,-0.8102538444046553,-0.4941550726789051,-0.5055400222182483,-0.8012416142156632,-0.7297891612404607,-0.7175503096973503,-0.6284203304560778,-0.5441410827157322
-1.5706813630014242,-1.5602449702617414,-1.2334563133145067,-1.1148728439607505,-1.2618195840825894,-1.5152621776543194,-1.5074974024303027,-1.1259134324918898,-1.3058306525103982,-1.7450628184932915
-1.678038729147511,-1.5940209344574827,-1.2826592885305041,0.5436388386106851,-0.7026060472060915,-1.4862706234543739,-1.4649036534873126,-1.108861679193969,1.2757167575280568,-0.5453592105065551
-1.010321353990236,-1.035893721222979,-0.8930172304616223,-0.8646522698983075,-0.9752484404157126,-1.1035821080150943,-1.1292172544750754,-0.904064848347805,-1.1146013647123443,-1.4067278245922217
1.8127797557772294,1.7477400109089607,1.888799535941103,0.8361696652867977,0.8893985420936062,1.6982445228796321,1.6512907621879556,1.7428243207944176,0.6832226019068913,0.6348543528270142
-0.26336401810608817,-0.3253627671052527,-0.334435477142437,-1.096530031180759,-1.1777054077101605,-0.38500572891644663,-0.4545680142242165,-0.4283736687171447,-1.252098389004673,-1.3643978838611248
-0.4934155169905593,-0.4666451539240235,-0.5460367115973626,-0.37513394663214344,-0.5189528930289392,-0.4326347108163571,-0.35835975612221754,-0.4923616914021263,0.23225539034098377,-0.2522472108397868
2.596658937161354,2.4768065551341056,2.932585195147524,0.5474053299412788,1.2407125814043949,2.431316679078253,2.291686288253892,2.6762759704022545,0.5882316360664127,1.8270969280949603
1.1623872465853278,1.1010538671612327,1.0583215727577928,0.3038388905628849,0.7888020110134244,1.1536174689806575,1.0019594845955182,1.0625121015887058,0.5426551625570922,0.9591808771336203
-0.6865451703750538,-0.7104911393371796,-0.6578099443134723,-0.6638982819776621,-0.5911760435480441,-0.6086548613160258,-0.628517310606778,-0.5869373952606981,-0.8040096915551438,-0.6840735126865166
1.122625259123814,1.0475066068509113,1.0497892649168683,0.2699404685875413,0.22855671484379636,0.7228858065814685,0.6504865912197946,0.6107285348293572,-0.08965843834063732,-0.3471089125501227
-0.024792093337006643,-0.09016672374222522,-0.12425629399433182,-0.67118016521681,-0.5024447443388581,-0.12615256641693384,-0.18053830074483893,-0.22955374108880874,-0.7699472745113359,-0.6102245153678764
0.43531090443193665,0.7509371651322081,0.3373415601996792,2.872585978027803,2.290011782517676,0.7415232342814334,1.085359832176198,0.6072127094071055,1.6595186397118076,2.0037254577642853
-0.8257121264903514,-0.8723686262753048,-0.7624729204954785,-1.0525123024972205,-1.0958611017826176,-0.8095249154156479,-0.8584639832220816,-0.7201871787640391,-1.1946240571476563,-1.2879603649869857
-0.624062047221247,-0.6359368769051166,-0.6151484051088502,-0.6970434056868869,-0.7438764189312944,-0.5382468011161583,-0.587412853584871,-0.523125163846829,-0.5847628663576762,-0.6415913059815668
-0.7717494292211545,-0.7673336156665974,-0.7155452273703943,-0.6739422588592454,-0.5852434276125462,-0.7142669516158269,-0.7005990395872229,-0.6505738354034547,-0.29739120707259253,-0.3810642247193119
-0.39969083225984864,-0.4526404858428624,-0.43682317123352987,-0.9388521491110038,-0.7885000083591699,-0.5071844216162167,-0.547797688484048,-0.5164450955445509,-1.1394045613484691,-1.1950781209367372
-1.010321353990236,-0.8987303544280784,-0.90041189725709,1.7476605672904784,0.2706009060388467,-1.1222195357150593,-0.9159506513759073,-0.9293787913880177,1.5870760344496246,0.4856336984512048
-0.2434830243753313,-0.3055914709906723,-0.3085541433582995,-0.6686691709964142,-0.6283193781007267,-0.23383548201673107,-0.25083287941998356,-0.3019797447871947,-0.44899295053517413,-0.27143272354524794
1.1027442653930581,1.0886968070896201,1.0014395204849633,0.35405877497080124,0.7403093242363109,1.0894218846807786,1.076424080649697,0.9587952516322795,-0.08534066716607006,0.522177532175893
-1.3434700060784892,-1.3271084369106498,-1.0980770289051724,-0.645944673301832,-1.1295480427033144,-1.3054875747647143,-1.210830451750455,-1.0188565483843244,-0.40965325761133975,-1.3546528615345415
0.17969812789363487,0.1194913954728026,0.039279606290052914,-0.5363397755815548,-0.3518078875418679,0.20725030688243856,0.2066775987368901,0.0003812415264550024,-0.2738833417888377,0.15978451440607014
1.3839183195851894,1.294647808283164,1.3740169628719963,0.04909852690372944,0.18960780152813628,1.2530170833804706,1.2193961050737194,1.155681475278377,0.2327351426937134,0.1095367430346244
-0.7433480096057878,-0.7187291793849214,-0.714976406847666,0.2812399425793224,-0.20297660950785523,-0.7846750118156944,-0.7440863636828631,-0.7143860668173238,0.43567038789837176,-0.27523937289156963
-0.4394528197213624,-0.5000092161173777,-0.47180563338132003,-1.0915205977110694,-1.1863979797547812,-0.573450831216092,-0.6463888136597806,-0.556349714087108,-1.2790652687516089,-1.6114951062295568
-1.2156636178093387,-1.1932402861348463,-1.0286809251323206,-0.8223420172846381,-0.6386369710320273,-1.0414573490152113,-0.9811816375193682,-0.8861341386943212,-0.9012075182181788,-0.7510705411817779
-1.2642300453516158,-1.1471072618674922,-1.087553849234699,0.3766577229543635,0.5535608921797683,-1.1739901682149618,-1.1256429538644745,-0.9712171139128133,0.09168795099118501,-0.10820359957497501
-0.5019359428751696,-0.5337851803131186,-0.5352291216655249,-0.7830449577354436,-0.7663171835568734,-0.6169381625160103,-0.6463888136597806,-0.5915079683096254,-0.37655034527299114,-0.4596334672273913
-0.7092663060673473,-0.704312609301373,-0.6819848165294249,-0.21593691305904886,-0.7415549605217517,-0.6521421926159441,-0.6320916112173782,-0.6201619455009771,0.09648547451848191,-0.704324887208948
1.074342845777691,1.3358380085218728,0.9644661865076242,2.8889074404603763,1.8282994988419699,0.938251637781063,1.2610962788640596,0.7443299008749233,3.0282521020496094,1.2454409079770095
0.44951161423962027,0.413177523174796,0.3037811493587099,-0.21907565583454364,0.26853738745258665,0.254879288782349,0.20965618257905705,0.07421357539374156,-0.4859338816953602,0.3470716622450962
0.19105869573978188,0.1610934977138981,0.05662863223326564,-0.604011069821222,-0.6788755834641,0.03330098168276597,-0.040544860162982976,-0.08979968055430206,-0.31754080588723954,-0.4800371077236753
-0.27188444399069805,-0.26975599678299544,-0.3509312723015574,-0.07795778064829884,0.09288036779719215,-0.008115524317155934,-0.05245919553165173,-0.24590232930227926,0.4826861184658814,0.7018513813222758
0.2393411090859055,0.1750981657950592,0.08819817124468607,-0.7881924958872549,-0.2865491122513909,-0.03296542791710937,-0.07926645011115621,-0.15273295561260813,-0.9868912884157012,-0.453086030351718
0.1853784118167081,0.22370260207673587,0.038141965244596066,0.4758419946599982,1.0671190803352606,0.21553360808242278,0.2185919341055584,0.07825677462933117,0.14494046214418047,0.712509999491976
0.6000391382010639,0.6932708847980156,0.4272152027907498,1.3308355267047731,1.0730516962707586,0.47231594528193993,0.5849577466921178,0.2644197307375608,1.1054046723090174,0.8921838486383588
1.2305506536622086,1.1999103477341335,1.1948384982125835,0.5612157981534559,1.0067611616871517,1.3793374266802325,1.3385394587604051,1.2699458015015586,0.20874752505722896,0.7551444721707791
-0.8029909907980579,-0.7430313975257591,-0.7550782537000108,0.82863668262561,-0.5256593284342846,-0.7639667588157334,-0.5987314721851065,-0.7166713533417874,2.2616078423875674,0.1095367430346244
1.1879485242391579,1.0969348471373614,1.0981390093487733,-0.08925725464007998,0.23784254848196698,1.0438637280808638,0.9513235592786762,0.9306686482542655,0.3915331714472405,0.6470356307352434
0.22514039927822188,0.1845719118499624,0.09104227385832754,-0.4194529946221296,-0.43099541328960067,0.18861287918247366,0.14114875420921277,0.04573538947350257,0.20586901094085086,0.0014279015990889482
-0.9165966692595254,-0.9588680467765935,-0.819354972768308,-1.0760779832556353,-1.091888828504067,-0.8095249154156479,-0.8694847434381001,-0.7217693002040524,-1.216884566314314,-1.1431554238529094
1.4322007329313136,1.6653596104315431,1.3313554236673741,1.4777286885979282,1.6219476402159556,0.9713848425810007,1.3236465395495696,0.7935514567864477,0.439988159072939,0.9454769394868622
0.7420462362778981,0.7468181451083369,0.6103754111092606,0.5775372605860287,0.29046227243160055,0.774656439081371,0.7815442802751492,0.6124864475404831,1.2891498234044882,1.0155192874591807
0.33306579381661616,0.42965360327027974,0.22044894277901458,0.9981287925023277,0.9954118094627209,0.8284978968812693,1.2521605273375587,0.6828029559855179,1.7334005020321794,1.3368004922887295
-0.5132965107213162,-0.5403756123513125,-0.5426237884609927,-0.6143061461248448,-0.30744223793727493,-0.573450831216092,-0.604390781485224,-0.582718404753996,-0.7099782304201248,-0.3151330580410209
-0.7660691452980813,-0.7541527515902109,-0.7306189712226941,-0.8598813808795556,-0.7817935729538245,-0.7225502528158115,-0.732767745082628,-0.6637581807368986,-0.9360375390263542,-0.7702560538872393
-0.6950655962596641,-0.6787746851533739,-0.666626662415761,-0.5776456305070659,-0.4539520575617448,-0.6107256866160218,-0.6163051168538928,-0.581487865856208,-0.5909996469431621,-0.25057228512740526
-0.8427529782595717,-0.8657781942371114,-0.7809595874841482,-1.0024430777425277,-0.9842763342306007,-0.8095249154156479,-0.8340395957163108,-0.7428642527375628,-1.1339833597626237,-1.0894055350828478
0.114374862778291,0.09395347132480297,0.013682682767279653,-0.007901041899255586,-0.5073456009812258,0.006380252782816842,0.024983984364693904,-0.08804176784317619,0.5071534884550954,-0.28422306534888886
-0.16111890749076715,-0.13918306202628858,-0.2661770144150416,-0.12805211534519526,-0.11372943065210424,-0.26696868681666874,-0.18351688458700632,-0.34100540697418885,-0.06950883952599048,-0.3609651161707337
-0.7916304229519114,-0.7912239318050485,-0.7499588689954562,-0.5747579871536107,-0.5927236824877392,-0.7867458371156905,-0.8373160379426946,-0.7066512508883699,-0.5267128316773838,-0.4444068698421046
1.7417762067388123,1.6653596104315431,1.732373892190822,0.7244304224791837,0.9778719014795098,1.6464738903797296,1.454704228604924,1.5283589700370614,0.6601944889758661,0.6500809502123008
-0.13839777179847365,-0.19602553835570707,-0.23631393697180614,-0.8817270305969991,-0.817389268566812,-0.33116427111654806,-0.333041793463797,-0.39356699703685233,-0.8020906821442252,-0.43770716699257833
-0.13839777179847365,-0.1890232043151265,-0.22635957782406096,-0.524161453612635,-0.29944610341551675,-0.29388941571661825,-0.3917198951544897,-0.34663072764979175,-0.5703702957757855,-0.3408660076221553
0.13141571454751125,0.18210049983563978,0.006288015971811756,0.17703368243289624,-0.29815640429910434,-0.16342742181686362,-0.040544860162982976,-0.2585593008223856,0.451022463185722,-0.06252380741911498
0.46087218208576675,0.6232475443922105,0.2949644312564213,2.5436457351559514,1.9417930210862775,0.22588773458240344,0.3615639585295818,0.06102923006029752,1.9910275154480228,1.5058157232654115
-1.2665021589208454,-1.2731492745979414,-1.0483052331664466,-0.92918482136248,-1.1130141000309053,-1.060094776715176,-1.0767941788529334,-0.8796298616631556,-0.9983573696459408,-1.3643978838611248
-0.31732671537528506,-0.41021457959699226,-0.36543619563112895,-1.0948476650530938,-1.2140491288106672,-0.4699095662162869,-0.5683499169950013,-0.4777710158997817,-1.2675608073331508,-1.604079753302922
0.6028792801626011,0.7344610850367244,0.4576471007567134,1.6924186944417703,1.109679151176876,0.232100210482392,0.4419857222680944,0.10392230021176892,1.5232689715365761,0.9576582173950914
-0.9023959594518424,-0.826647504010338,-0.8071253315296497,0.1958661390858649,0.20044127410600193,-0.7101253010158348,-0.5969443218798061,-0.6444211409145141,0.6242130625211394,0.4232046491715296
-1.5780657321014195,-1.5421212821567096,-1.2331719030531425,-0.7928378351949872,-0.872330450925988,-1.4073721795245224,-1.3094215769261874,-1.0635075312469215,-0.4643450258225242,-0.44897484905769053
0.3785080652012031,0.4873198836044717,0.2173204299040089,1.4337862897410016,0.9358277102844592,0.1741171020825009,0.3109280332127402,0.05065754506465493,1.5299855044747914,1.548450195944214
-1.2074272061208822,-1.196535502153943,-1.0224238993823094,-0.8944075514099981,-0.7583210490351154,-1.2112650236148916,-1.1968311076922693,-0.9650644194238728,-1.0077605157594427,-0.8942005566034726
0.387028491085813,0.42965360327027974,0.2554314049268049,1.2592721914234921,1.0887860254909922,1.0210846497809067,1.0377024907015235,0.8410150999868462,1.3582341621975633,1.4844984869260103
1.4975239980466564,1.4511705691902574,1.3939256811674867,0.9265654572210468,1.1793229034631558,1.5574284024798972,1.34449662644474,1.3138936192797053,0.7647805018709382,1.6839669126732657
-1.4908733738822433,-1.4510909396291631,-1.1771430815644055,-0.5221526582363184,-0.6476648648469154,-1.3021742542847206,-1.250743475235495,-1.0170986356731986,-0.8528964562982991,-1.0199722510059406
-0.37696969656755513,-0.3673767713487355,-0.4169144529380395,-0.18706047952449703,-0.20865128562007074,-0.5237510240161856,-0.492693887403956,-0.5090618621578221,-0.39382142997126,-0.48186429940990966
1.51172470785434,1.4223374290231612,1.462184143894882,0.6164576710021636,0.954141437737518,1.952956034779153,1.6632050975566244,1.9186155919070045,0.7652602542236678,1.2987339988255127
-0.5416979303366829,-0.5148376882033128,-0.5739089172110489,-0.08850395637396118,-0.7031219268526567,-0.6438588914159594,-0.6591967241810995,-0.6421358543900505,0.3900939143890513,-0.5135356219713061
1.7502966326234215,1.7765731510760563,1.8262292784409906,1.3710114342311062,1.4284927727540677,1.2985752399803845,1.3385394587604051,1.2207242455900342,0.6131787584083567,0.7292592566157917
1.5401261274697073,1.7147878507179932,1.570260043213258,1.1249340006323163,1.6890119942694104,1.8183523902794065,2.124885593092532,1.8377516071952145,0.7335965989435084,1.21041973399085
-0.8995558174903052,-0.8723686262753048,-0.8227678959046778,-0.4541047148635918,-0.5426833567709308,-0.9627659876153595,-0.918333518449641,-0.8316388446494193,-0.2873164076652691,-0.2435680503301734
0.21946011535514862,0.41729654319866666,0.0856384788924088,2.31640075821013,1.2430340398139377,0.0167343792827975,0.5402789890596106,-0.08417435987869919,3.0210558167586647,2.0235200343651583
-0.14691819768308403,-0.16142577015519158,-0.20531321848311382,-0.03200658641505547,-0.10392771736736861,0.14926719848254744,0.039876903575529636,0.045559598202389945,0.21450455328998538,0.057766311924649746
-1.0472431994902132,-1.0441317612707204,-0.9251555899957709,-1.0314701709303036,-0.9481647589710481,-0.9834742406153204,-1.0064996001777886,-0.8529095884540423,-1.1792240066250335,-1.0653475112140947
-0.3542485608752617,-0.30971049101454295,-0.4601448126653899,-0.5090954882902602,0.10603529878460063,-0.25247290971669595,-0.23683353536179802,-0.3619245682365867,-0.7080592210092062,-0.07622774506587295
0.9351758896623937,0.9280550261586558,0.8336374662801164,0.9968732953921295,0.4398094301121782,0.3729163308821269,0.3913497969512532,0.24684060362630209,0.03891519219091921,-0.07165976585028702
-1.3323934524284964,-1.3242251228939403,-1.070204823291486,-0.7746331270971176,-0.8991561925473699,-0.8799329756155153,-0.9373964550395107,-0.7752098466222788,-0.7569939609876343,-0.975815118588609
-0.19804075299074428,-0.2524561126827377,-0.2545161936991115,-0.37940263680681635,-0.3750224716372944,0.354278903182162,0.27816361094890135,0.19867379534145327,-0.037365431893101146,0.02122247819996176
-0.7177867319519576,-0.7261434154278886,-0.6890950730635286,-0.5880662565217086,-0.3977211760861559,-0.6645671444159205,-0.7238319935561267,-0.6470580099812029,-0.3837466305639365,-0.4585676054104212
-0.3343675671445053,-0.36366965332725154,-0.4015562988243755,-0.3421143726339385,-0.3925623796205056,-0.5237510240161856,-0.5495848387893484,-0.518906173340127,-0.23070563004316585,-0.13713413460701965
-0.07591464864466689,-0.041562287460549165,-0.2161208084149516,0.12819484484619761,0.18315930594607335,-0.10751513871696894,-0.08522361779549016,-0.2293779498176961,0.9183012547444387,0.7734163890331228
-1.5703973488052703,-1.5367665561256778,-1.2317498517463217,-0.7382237109013783,-1.0229931017053064,-1.3883205867645585,-1.34635601656906,-1.0664959828558356,-0.8740055598184053,-1.322067943130028
0.5716377185856977,0.507914983723826,0.4127102794611783,-0.42434943335190145,-0.0938680642593504,0.29836662008226733,0.25731352405373165,0.11833718444300093,-0.19760271770481724,-0.025979973694426988
-0.27188444399069805,-0.24668948464931845,-0.34211455419926873,0.42436661314188395,0.6314587188110888,-0.12408174111693777,-0.13288095927016477,-0.2130293616042256,1.0958096252544236,1.4342507155545643
0.8215702112009257,0.8580316857528507,0.6951296689957764,1.9196636713875916,1.8411964900060958,0.9548182401810315,0.8589874601714949,0.8146464093199581,1.3750254945431022,1.0672897185691557
0.38986863304734964,0.45024870338963413,0.4215269975634669,0.7959937577604645,0.9257680571764411,1.4290372338801396,1.4844900670265955,1.5248431446148096,0.7144065048343208,1.504293063526883
-0.15259848160615727,-0.1980850483676424,-0.26703024519913393,-0.6036344206881626,-0.7093124826114371,-0.30424354221659855,-0.2859801687575561,-0.38512901602344823,-0.6087504839941604,-0.8026887063178998
-0.5956606276058803,-0.6540605650101483,-0.5941020457679034,-1.0954628586370907,-1.1175796349030058,-0.6624963191159243,-0.7303848780088944,-0.627896761429931,-1.2687362005973386,-1.3193271556006763
-0.5388577883751463,-0.5531445744253117,-0.5514405065632813,-0.5891962039208867,-0.2024607298612902,-0.3787932530164585,-0.4501001384609656,-0.4257367996504559,-0.6452116628016169,-0.10059030088233167
1.2277105117006715,1.162839167519296,1.1948384982125835,0.3327153240974367,0.5042943859328076,1.2944335893803924,1.1419529251773737,1.2470929362569223,0.5963874260628176,0.35468496093773955
1.2731527830852585,1.2411005479728423,1.2488764478717715,0.7558178502341314,0.7323131897145531,1.0438637280808638,0.9721736461738467,0.9183632592763845,0.34739595499610915,0.5237001919144215
-0.749028293528861,-0.7405599855114371,-0.710994663188568,-0.4484549778677012,-0.7539360720393127,-0.8012416142156632,-0.751234964904064,-0.7259882907107544,-0.06039354482412633,-0.6135743667926393
0.8300906370855361,0.8827458058960763,0.6829000277571182,1.2831266365172527,1.549724489696851,0.6876817764815344,0.7815442802751492,0.5421699390954483,1.1015666534871797,2.1270608965851077
1.755976916546495,1.6859547105508974,1.8006323549182173,0.7922272664298708,1.145532786613146,1.6692529686796866,1.6393764268192876,1.6936027648828933,0.5114712596296628,0.8388907577898554
-0.1327174878754004,-0.15236392610267568,-0.21128583397176096,-0.5814121218376597,-0.6244502807514889,-0.3580850000164975,-0.2770444172310547,-0.39303962322351466,-0.07334685834782784,-0.1401794540840771
-0.8143515586442049,-0.7516813395758883,-0.7417109714158958,0.04947517603678884,0.17954814842011807,-0.913066180415453,-0.8635275757537658,-0.7787256720445306,-0.5641335151902995,-0.32685753802769146
-0.40537111618292243,-0.4567595058667336,-0.4547410176994712,-0.8185755259540444,-0.6422481285579825,-0.5423884517161504,-0.5701370673003017,-0.5514275584959556,-0.8555830694735854,-0.4928274495273162
1.551486695315854,1.5953362700257374,1.5901687615087483,2.0339139084156015,2.0552865433305847,2.166251040678752,2.014677990932348,2.3756728967997307,1.961282869578782,1.6763536139806223
-1.5317714181283715,-1.5116405339800651,-1.1961985690758032,-1.1148728439607505,-1.2618195840825894,-1.2630356561147942,-1.2882736316468006,-0.9907299450063105,-1.3058306525103982,-1.7450628184932915
1.1879485242391579,1.187553287662521,1.1294241380988297,0.8550021219397663,1.1759696857604829,1.1577591195806496,1.0406810745436905,1.0765754032777128,0.4975584414005017,0.5541533866849949
0.23366082516283176,0.20104799194544556,0.0660141708582827,0.8173372086338291,0.9626534519058411,0.47231594528193993,0.4211356353729247,0.1596481331544589,0.3037384908977075,0.7932109656339954
0.03485088785526399,0.1833362058428011,-0.026134753823700976,1.5656134863117817,0.970133706781034,0.2900833188822831,0.35262820700308,0.13872897189206107,2.015015133084507,0.9728848147803781
-0.3854901224521655,-0.42215973766621806,-0.4226026581653225,-0.5234081553465163,-0.5643503019266622,-0.3684391265164778,-0.45337658068734943,-0.3990165264413426,-0.26140978061786585,-0.3242690164721927
0.2762629545858821,0.3134972385971207,0.05577540144917333,0.3138828674444681,0.9394388678104145,-0.03296542791710937,-0.040544860162982976,-0.20740404092862275,-0.3655160411602083,0.4216819894330011
-0.3854901224521655,-0.4374001117545405,-0.41805209398349624,-0.8641500710542284,-0.8751677889820957,-0.4968302951162364,-0.5707327840687354,-0.5025575851266563,-0.8907009416933985,-0.755638520397364
-0.32016685733682165,-0.18408038028648127,-0.38420727288116274,1.2190962838971595,1.1506915830787965,-0.16135659651686757,-0.03160910863648162,-0.24836340709785562,1.280034528702624,1.3916162428757612
-0.004911099606249764,-0.07986917368254802,-0.10918255014203214,-0.8932776040108198,-0.5568700470514693,-0.15307329531688332,-0.26393864832551894,-0.22972953235992136,-1.0512260789167525,-0.8482162324999069
-0.6865451703750538,-0.6977221772631798,-0.6671954829384892,-0.6119207016154689,-0.42351515841440773,-0.6645671444159205,-0.6880889874501208,-0.640202150407812,-0.7843398450932265,-0.5476432001143481
-0.41105140010599567,-0.3822052434346706,-0.4433646072449053,0.30132789634248897,0.511000821338153,0.16997545148250875,0.1351915865248784,0.013565586859899028,0.6246928148738691,0.8678212928219002
1.5344458435466342,1.5459080297392873,1.5987010693496728,1.6434543071440522,1.477501339177746,2.0005850166790635,1.901491804929996,2.0610065215082,1.6307334985480262,1.2698034637934683
-0.11283649414464351,0.06717984116964204,-0.21782726998313656,1.5568250065403961,0.8081474977596133,-0.25661456031668844,0.045834071259864016,-0.3214925758806917,2.025089932491831,1.616969884178004
1.009019580662347,1.0475066068509113,0.8782898773142876,1.2140742954563677,1.4568661533151444,0.8699144028811913,0.7636727772221465,0.7408140754526716,0.41312202732007647,0.5617666853776382
-0.19520061102920766,-0.23845144460157658,-0.26134203997185096,-0.7244132426892013,-0.7379438029957964,-0.07024028331703916,-0.1418167107966661,-0.1629288493371383,-0.3055469970689973,-0.051865189249414426
-0.8654741139518652,-0.7689812236761461,-0.8341443063592436,1.005661775163515,0.3804832707571993,-0.6272922890159907,-0.4617166154454175,-0.6547928259101568,2.725048615124446,2.098130361553063
-0.6865451703750538,-0.7121387473467276,-0.6671954829384892,-0.6366539946863676,-0.4263524964705154,-0.674921270915901,-0.6803446694604861,-0.63123679558107,-0.5761273240085416,-0.07165976585028702
-0.47353452325980244,-0.5411994163560865,-0.5050816339609252,-1.0248160362462546,-0.9654467271309769,-0.6376464155159713,-0.7154919587980586,-0.6092628866919967,-1.2255201086634484,-1.3369900085676087
-0.6354226150673935,-0.6033966187165369,-0.6333506618361557,-0.28172496163341915,-0.45137265932891973,-0.6252214637159946,-0.6273258770699108,-0.6141850422831491,0.04035444924910838,-0.01227603604766902
-0.5274972205289998,-0.5584993004563442,-0.5369355832337097,-0.7117327218762024,-0.5775052329140706,-0.44920131321632595,-0.5439255294892309,-0.4753099381042053,-0.6452116628016169,-0.29366355572776653
-0.07875479060620352,-0.12270698193080541,-0.19194593619899908,-0.5525356883031077,-0.30460489988116723,-0.26696868681666874,-0.26483222347816915,-0.37018675797887834,-0.6073112269359714,-0.22346894178159496
-0.6212219052597104,-0.669712841100858,-0.6179925077224917,-0.8672888138297231,-0.9138587624744734,-0.6562838432159361,-0.7026840482767397,-0.6212166931276525,-0.8643145622932656,-0.786396247115643
-0.8143515586442049,-0.8513616241535636,-0.7587755870977446,-1.0512568053870226,-1.1157224681753715,-0.8985704033154802,-0.9198228103707249,-0.7817141236534446,-1.184309381563968,-1.313845580541973
1.3185950544698455,1.2740527081638098,1.2431882426444885,0.21595409284903128,0.3090339397079419,1.712740299979605,1.6036334207132814,1.7445822335055434,0.9173417500389791,1.3733443260134177
2.579618085392134,2.534472835468298,2.88707955332926,1.333346520925169,1.9288960299221516,3.052564269077084,2.9410175658463302,3.62730674712135,1.4863280403763899,2.2031938835115406
0.8187300692393895,0.7303420650128537,0.7093501820639838,-0.2423023523732048,0.12847606341017972,0.7311691077814527,0.6772938457992991,0.5790861060290915,-0.3789491070366396,-0.07622774506587295
3.9712876465451097,3.9761298438231054,5.244840620038042,2.903973405782751,2.852320597273564,2.4520249320782135,2.4197653934670798,2.845035590670338,0.22985662857733533,0.6835794644599317
-0.10147592629849703,-0.16101386815280427,-0.20531321848311382,-0.9814135011467129,-0.7673489428500035,-0.33116427111654806,-0.38993274484918933,-0.3858321811078986,-1.1267870744716784,-0.8616156381989591
-0.6922254542981275,-0.6425273089433098,-0.7067285092681058,-0.5480158987063952,-0.09309424478950279,-0.6811337468158892,-0.6297087441436445,-0.6906542452171245,-0.6365761204524824,0.2465761195022043
-0.7461881515673244,-0.7698050276809201,-0.7038844066544643,-0.7836727062905425,-0.7281420897110609,-0.6832045721158854,-0.719066259408659,-0.6533864957412561,-0.9169913706229854,-0.7486342856001321
-0.02195195137546951,-0.024262403360291406,-0.15497260222165993,-0.5546700333904442,-0.1516465846746343,-0.2007022772167934,-0.21032413916651038,-0.30567136148055885,-0.669679032790831,-0.1493154125152489
3.775317851199079,3.9102255234411714,5.250528825265325,3.448859151608643,3.09478403115913,4.094189394975123,4.287337462505881,5.93017239869624,1.9723171736915648,2.2519189951444583
-0.2122414627984274,-0.23186101256338332,-0.2778378351309714,-0.7609482085959604,-0.4199040008884524,-0.25247290971669595,-0.3148724320265774,-0.3076050654627973,-0.9698600798937973,-0.5630220634734876
0.7022842488163854,0.6726757846786612,0.5779526413137479,0.04658753268333355,0.10577735896131804,0.5613614331817722,0.5790005790077833,0.4279056128722667,0.3267666038287324,0.4140686907403578
-1.0330424896825297,-1.0342461132134304,-0.911788307711656,-0.8264851577482911,-0.8026866986397084,-1.0787322044151408,-1.0872192223005182,-0.8880678426765598,-0.9017352458061814,-0.7510705411817779
-0.7007458801827374,-0.7525051435806623,-0.6652046111089402,-1.0105912539877124,-0.9620935094283043,-0.6190089878160064,-0.7044711985820401,-0.5943206286474269,-1.159698085868935,-1.096105237932374
-0.9705593665287223,-0.9255039845832393,-0.8816408200070565,-0.05422888526555835,-0.5223061107316119,-0.9482702105153866,-0.9159506513759073,-0.8265408977871543,-0.09013819069336695,-0.4355754433586384
-0.1213569200292539,-0.1733709282244168,-0.23830480880135496,-0.5438727582427422,-0.4467297425098342,-0.27111033741666085,-0.3419775449902983,-0.3411811982453015,-0.4701020540552805,-0.36294457383082085
-0.6070211954520268,-0.5914514606473111,-0.6074693280520183,-0.4317568663020691,-0.15938477937310985,-0.6811337468158892,-0.6785575191551858,-0.6445969321856267,-0.5339091169683291,0.08517418721816568
0.9692575932008332,0.9527691463018808,0.8438762356892257,0.18582216220428152,0.6696338126569014,0.8595602763812112,0.960259310805178,0.6300655746517417,0.3771406008653498,1.2073744145137928
1.4378810168543867,1.4140993889754192,1.4280549125311843,0.382935208505353,1.2316846875895069,1.1929631496805837,1.1717387635990453,1.0800912286999647,-0.21967132593038302,0.9607035368721488
-0.24064288241379467,-0.19149461632944914,-0.31196706649466904,0.12141516045112892,0.3265738476911531,0.23002938518239557,0.1739131764730512,0.04679013710017813,0.4519819678911812,0.526745511391479
-1.1154066065670938,-1.1088003756454934,-0.9490460519503593,-0.38994881253247876,-0.9855660333470133,-0.9917575418153046,-0.9490129320239626,-0.8383189129516976,-0.3823073735057474,-1.2013210258647047
-0.624062047221247,-0.652001054998213,-0.6034875843929203,-0.7876902970431758,-0.7985596614671882,-0.5113260722162087,-0.5844342697427041,-0.5116987312245109,-0.5794855904776495,-0.6980819822809804
0.026330461970654116,0.09889629535344822,-0.12795362739206592,1.372266931341304,0.4452261664011111,-0.109585964016965,-0.02565194095214724,-0.207755623470848,2.766307317459199,0.9530902381795056
0.02065017804758036,0.018163502885578685,-0.1037787551761134,-0.47921465706754995,-0.4730396044846511,0.037442632282758084,0.14412733805137976,-0.09155759326542792,-0.10069274245342028,0.29377857139659286
-0.30596614752913803,-0.3813814394298966,-0.3534909646538346,-1.057634730706828,-1.0340845141064547,-0.3187393193165713,-0.3961877709177406,-0.3659677674721763,-1.2183238233725031,-1.2072593988449667
0.3983890589319595,0.48320086358060105,0.256000225449533,1.0835025959957854,0.9046169916672746,0.45989099348196283,0.5670862436391146,0.2714513815820643,1.4301970151070167,1.3215738949034428
-0.28892529575991827,-0.19602553835570707,-0.35462860569929117,1.4852616712591158,1.2146606592528606,0.008451078082812532,-0.02565194095214724,-0.09384287978989148,1.7530703484940968,1.2789394222246402
1.5401261274697073,1.5211939095960625,1.4764046569630893,1.2153297925665654,1.3717460116319138,0.9423932883810551,1.0347239068593566,0.7601511152750562,0.5311411060915799,1.0337912043215247
1.8298206075464492,1.6859547105508974,1.9087082542365934,-0.023845855198768924,0.5481441558908354,1.8059274384794295,1.5351259923434375,1.8904889885289906,-0.14674896831547024,1.0870842951700281
-0.5843000597597333,-0.5823896165947953,-0.5963773278588166,-0.6401693865949216,-0.5401039585381056,-0.5838049577160727,-0.6058800734063075,-0.5813120745850954,-0.527672336382843,-0.6193604737990483
-0.760388861375008,-0.7479742215544044,-0.7206646120749489,-0.5384741206688912,-0.6858399586927281,-0.6542130179159401,-0.6770682272341023,-0.6249083098210169,-0.46386527346979456,-0.8121291966967775
0.28194323850895536,0.2805450784061538,0.17551212148347944,-0.16697252576133045,-0.20968304491320075,0.31079157188224366,0.3109280332127402,0.19146635322583716,0.2903054250212761,0.16130717414459908
0.5687975766241605,0.6191285243683399,0.433187818279397,0.585070243247216,0.7377299260034861,0.8160729450812929,0.7577156095378117,0.6687396542965109,1.22438325578598,1.093174934124143
0.6170799899702847,0.5243910638193098,0.4690235112112793,-0.4210851408653869,-0.08484017044446239,0.21760443338241922,0.07561990968153548,0.08370630403382141,-0.37175282174569424,0.32118644669010876
-0.9449980888748922,-0.9547490267527222,-0.8389792808024343,-0.6611361883352268,-0.8996720721939351,-0.7266919034158037,-0.7020883315083064,-0.6874900023370979,-0.38134786880028804,-0.6053520042045846
-0.42809225187521593,-0.4674689579287975,-0.4607136331881183,-0.7424924010760512,-0.6757803055847098,-0.3995015060164194,-0.4658866328244515,-0.4343505719349726,-0.4005379629094756,-0.2450907100687021
1.7247353549695914,1.7189068707418638,1.6470508137815778,0.9453979138740154,2.0011191804412563,1.6402614144797418,1.570868998449443,1.3894838658581177,0.47069230964763914,1.5317009388203988
0.3529467875473725,0.3390351627451203,0.2085037118017206,0.2937949136813015,0.6683441135404885,0.03330098168276597,0.0071124813116911975,-0.08733860275872588,0.05954454335829595,0.5023829555750204
2.664822344238235,2.6003771558502318,3.1060754545796536,1.7828144863760198,2.3751319242009066,2.982156208877216,2.833788547528313,3.560506064098567,1.0060959352939716,1.4357733752930928
-1.0983657547978736,-1.0614316453709782,-0.9479084109049026,-0.6652793287988799,-0.7363961640561014,-1.1160070598150706,-1.083347063305701,-0.920237645290163,-0.9622320174853951,-1.1247312410167127
-0.4848950911059494,-0.5502612604086023,-0.5073569160518384,-0.9826689982569109,-0.9760222598855601,-0.6355755902159752,-0.697322597360839,-0.5927385072074136,-1.0063212587012536,-1.1280810924414757
0.48927360170113354,0.48320086358060105,0.3635073042451809,0.1328401841539298,0.12176962800483418,0.11820481898260621,0.14114875420921277,-0.00717778313138616,-0.19184568947206107,-0.041206571079713664
-0.46501409737519256,-0.5263709442701513,-0.4928519927222668,-1.058714458221598,-1.0961448355882286,-0.6065840360160297,-0.6785575191551858,-0.5913321770385127,-1.2128546465513845,-1.3211543472869107
-0.07023436472159314,-0.14824490607880444,-0.1657801921534974,-0.8581236849252785,-1.0423901764161518,-0.15721494591687546,-0.22640849191421317,-0.23781593083110042,-0.7824208356823078,-1.0542320951228357
-1.2454851084054734,-1.2550255864929096,-1.0380664637573374,-0.9763915127059213,-0.8988982527240874,-1.1429277887150202,-1.1667474108863811,-0.9235776794413024,-1.111866776301785,-0.9595226593863525
-0.9449980888748922,-0.9555728307574969,-0.8455207168138096,-0.7971065253696601,-0.823837764148875,-0.9669076382153515,-1.0008402908776712,-0.8202124120271012,-0.803529939202414,-1.0441825408485463
1.9292255762002335,2.101975732961856,1.9684344091230643,2.8700749838074078,2.540213411101718,1.6609696674797025,2.139778512303368,1.6496549471047466,1.8600551231528177,2.1255382368465785
0.4551918981626935,0.4461296833657629,0.26254166146090857,0.38042421428495715,0.34024465832512646,0.1534088490825403,0.15604167342004852,-0.04620344531838056,0.6150977678192753,0.4658391218503322
-0.3542485608752617,-0.3900313814800252,-0.39984983725619083,-0.3370923841931469,-0.6574665781316511,-0.4926886445162439,-0.5486912636366982,-0.5007996724155305,-0.1357146642026874,-0.7563998502666283
-1.3801078373823124,-1.2554374884952966,-1.155243491439366,0.10672584426181335,0.09288036779719215,-1.2402565778148371,-1.1381530060015765,-1.0202628785532253,-0.29883046413078157,-0.1843365865014084
-0.10715621022157026,-0.14124257203822388,-0.18455126940353117,-0.5251658513007934,-0.6572086383083686,-0.26075621091668055,-0.2758529836941877,-0.306901900378347,-0.6538472051507512,-0.8153267821476876
-0.5189767946443894,-0.5411994163560865,-0.5437614295064493,-0.6322597548006749,-0.8351871163733057,-0.6045132107160336,-0.6139222497801586,-0.5869373952606981,-0.6231430545760511,-1.0119021543917386
-0.3684492706829453,-0.37396720338692874,-0.4208961965971377,-0.38229028016027156,-0.4678808080190008,-0.451272138516322,-0.4182292913497773,-0.4830447540331593,0.36178852557799984,-0.25544479629069705
-0.6780247444904439,-0.6449987209576324,-0.6509840980407329,-0.270425487641638,-0.5811163904400259,-0.790887487715683,-0.7747657772571847,-0.7150892319017741,-0.015296823667535502,-0.13713413460701965
-0.30596614752913803,-0.3855004594537672,-0.36316091354021557,-1.106184803958181,-1.1543360597207646,-0.42228058431637644,-0.5069910898463584,-0.45087495141955575,-1.2969792216025355,-1.5758953215427567
-0.9222769531825987,-0.8880209023660145,-0.8418233834160758,-0.47268607209452085,-0.8565961217057545,-0.8964995780154841,-0.7887651213153702,-0.786636279244597,0.3085360144250044,-0.5321120707813558
1.5912486827773675,1.5953362700257374,1.5674159405996164,1.9196636713875916,1.2505142946891306,1.865981372179317,1.564911830765109,1.8500569961730955,2.766787069811929,2.072245145998075
-1.313080487090047,-1.3028062187698115,-1.0835721055756011,-0.743747898186249,-0.7263365109480833,-1.2506107043148174,-1.254913492614529,-0.9944215616996749,-0.8804342413449833,-0.7969025993114909
-0.734827583721178,-0.751269437573501,-0.6990494322112737,-0.9432463889966965,-1.0320725834848512,-0.8136665660156399,-0.775361494025618,-0.7256367081685293,-0.9064847940982054,-1.0271287517770253
-1.2417929238554757,-1.247611350449942,-1.035222361143696,-0.9214007392792529,-0.9927883483989237,-1.159494391114989,-1.1685345611916813,-0.9328946168102694,-0.960888710897752,-1.0041365897252421
-0.6751846025289073,-0.6536486630077616,-0.6686175342453099,-0.2557361714523224,-0.2976405246525393,-0.6107256866160218,-0.5466062549471814,-0.5918595508518506,-0.36743505057112713,-0.5407912312909692
-0.794470564913448,-0.831178426036596,-0.7346007148817921,-1.0962036019321075,-1.1758482409825264,-0.8426581202155855,-0.8903348303332699,-0.7428642527375628,-1.2820589234326423,-1.5758953215427567
-0.3854901224521655,-0.40980267759460554,-0.41947414529031696,-0.7241621432671618,-0.5230799302014595,-0.5216801987161894,-0.5427340959523638,-0.5292778583357696,-1.0570310823847815,-1.018297325293559
0.13425585650904787,0.08242021525796447,0.02790319583548702,-0.06151076850470618,0.09778122443956005,-0.09923183751698471,-0.15075246232316747,-0.21513885685757653,-0.022493108958480838,0.3242317661671662
0.24502139300897877,0.22905732810776783,0.11038217163108975,-0.2537273760760059,-0.26204482903955173,0.10163821658263773,0.08753424505020423,-0.0237021626159693,0.18811817388985247,0.2465761195022043
1.0573019940084711,0.9321740461825264,0.9590623915417054,-0.5568043784777806,-0.1841470024082316,0.7353107583814449,0.5909149143764517,0.5790861060290915,-0.8030501868496844,-0.47501233058653075
1.577047972969684,1.5623841098347713,1.5332867092359188,1.224118272337951,1.583256666723578,1.342062571280303,1.4993829862374313,1.1591973007006287,0.9653169853119481,1.6885348918888516
-0.1781597592599874,-0.25863464271854425,-0.2522409116081981,-1.0802462336614922,-1.147835976174045,-0.2690395121166648,-0.35091329651679964,-0.3197346631695658,-1.239672803068974,-1.4085550162784561
-0.5502183562212933,-0.5309018662964092,-0.5662298401542168,-0.756428418999248,-0.5184370133823742,-0.6065840360160297,-0.4730352340456529,-0.5895742643273869,-0.8301561947789118,-0.4984612905598722
0.08313330120138762,0.10342721737970616,-0.03523588218735382,0.06378784309304501,0.2442910440640299,0.012592728682804649,0.06668415815503412,-0.0952492099587923,0.2264983621082276,0.6378996723040716
2.057031964469384,2.0319523925560516,2.079354411055082,1.3107475729416067,1.9753251981130047,1.3296376194803265,1.3355608749182382,1.1504077371449994,0.6246928148738691,1.248486227454067
1.3895986035082628,1.2369815279489715,1.197682600826225,0.7281969138097777,0.8716006942871126,1.7168819505795971,1.3593895456555758,1.3051040557240758,1.4551441374489604,1.2332596300687801
-0.32016685733682165,-0.3855004594537672,-0.3830696318357059,-0.9634598924708828,-0.8073296154587938,-0.3995015060164194,-0.48256670234058757,-0.443140135490602,-1.091765152722411,-0.843495987310468
0.5403961570087943,0.5697002840818892,0.39337038168841637,0.3967456767175299,0.554334711649616,0.5158032765818582,0.5075145667957717,0.33297832647146974,1.071822007617939,1.2713261235319968
0.01781003608604374,0.03711099499538505,-0.12567834530115254,0.28500643390991626,0.4049875539690383,0.12234646958259832,0.23050626947422717,-0.12179369189679298,0.49036215610955636,0.9530902381795056
-0.2804048698753079,-0.24668948464931845,-0.3355731181878935,0.247341520603979,-0.3564508043609532,-0.30424354221659855,-0.1894740522713403,-0.3366106251963742,0.8549739441841199,0.053198332709063614
1.2873534928929422,1.2122674078057465,1.2005267034398663,0.7143864455976005,0.9732289846604244,1.2385213062804976,1.1359957574930397,1.1750185151007615,0.2639190456211432,0.8038695838036961
-0.29744572164452815,-0.2611060547328669,-0.3836384523584343,-0.5413617640223464,-0.45962673367396023,-0.3663683012164818,-0.3327439350795801,-0.43962431006835023,-0.39909870585128654,-0.6361097309228636
-1.4880332319207066,-1.3666510291398104,-1.168610773723481,-0.03439203092443144,-0.5210164116151994,-1.3535307217246237,-1.3314630973582242,-1.048037899389014,-0.6178657786960245,-1.0163178676334716
-0.7064261641058107,-0.6919555492297604,-0.6893794833248927,-0.22723638705083,-0.3628992999430162,-0.6480005420159516,-0.6478781055808641,-0.6308852130388448,0.07249785688199745,0.1095367430346244
0.04621145570141049,-0.06874781961809681,-0.06339249806240435,-1.023849303471402,-1.100607194531016,-0.28146446391664154,-0.3818905684753382,-0.3445212323964406,-1.1203583929451006,-1.2375603276416869
-0.04183294510622639,-0.034971855422355314,-0.1575322945739372,0.2988169021220933,0.40524549379232105,0.1596213249825281,0.19774184721038873,-0.019834754651492505,0.6462816707467051,1.0368365237985822
-0.5530584981828299,-0.6075156387404076,-0.5579819425746567,-0.8156878826005891,-0.8052660968725336,-0.6065840360160297,-0.6755789353130188,-0.5850036912784597,-0.7565142086349047,-0.6135743667926393
